ID	Year	Month	Day	Hours	Minutes	Seconds	Matlab serial time	Latitude(dec.deg.)	Longitude(dec.deg.)	Depth(km)	Magnitude	CC	TemplateID	MAD	Quality flag
20190920165340  2019   9  20  16  53 39.57  737688.7039302   40.8712   28.2797  4.75  1.64  0.447  20190930182550 18.55  A
20190921164032  2019   9  21  16  40 31.89  737689.6948135   40.8734   28.2700  4.92  1.65  0.290  20190927224431 13.66  A
20190922030936  2019   9  22   3   9 36.00  737690.1316667   40.8785   28.2242  5.17  2.14  1.000  20190922030936 41.81  A
20190922044044  2019   9  22   4  40 44.21  737690.1949561   40.8791   28.2256  5.21  1.20  0.375  20190922084242 13.69  A
20190922044818  2019   9  22   4  48 18.19  737690.2002105   40.8687   28.2863  4.57  1.48  0.301  20190928084129 10.78  A
20190922050440  2019   9  22   5   4 39.51  737690.2115684   40.8793   28.2256  5.51  1.47  0.422  20190922120709 14.80  A
20190922064558  2019   9  22   6  45 58.38  737690.2819257   40.8880   28.3219  3.94  1.46  0.299  20190926163525 10.56  A
20190922075647  2019   9  22   7  56 46.54  737690.3310942   40.8652   28.2367 10.13  1.45  0.229  20191019042955 11.15  A
20190922081237  2019   9  22   8  12 36.70  737690.3420914   40.8447   28.3656  8.22  1.48  0.223  20200102111840 11.07  B
20190922081419  2019   9  22   8  14 18.71  737690.3432721   40.8718   28.2774  4.41  1.64  0.263  20190926151822 10.69  A
20190922083857  2019   9  22   8  38 57.00  737690.3603819   40.8782   28.2223  5.33  2.01  1.000  20190922083857 42.84  A
20190922084242  2019   9  22   8  42 42.00  737690.3629861   40.8806   28.2279  4.18  2.02  1.000  20190922084242 36.51  A
20190922093746  2019   9  22   9  37 45.65  737690.4012228   40.8662   28.2536  5.76  1.39  0.322  20191001043249 11.07  A
20190922120709  2019   9  22  12   7  8.92  737690.5049644   40.8766   28.2459  5.61  1.83  0.847  20190922030936 22.78  A
20190922120960  2019   9  22  12   9 59.87  737690.5069429   40.8839   28.2233  6.87  1.39  0.739  20190922120709 26.09  A
20190922131545  2019   9  22  13  15 45.25  737690.5526071   40.9042   28.2580 13.67  1.51  0.364  20190926180251 10.69  B
20190922153045  2019   9  22  15  30 45.00  737690.6463542   40.8777   28.2186  3.19  1.77  1.000  20190922153045 35.86  A
20190922212537  2019   9  22  21  25 37.26  737690.8927924   40.8705   28.3213  3.67  1.45  0.356  20190926170331 11.48  A
20190922212607  2019   9  22  21  26  7.23  737690.8931392   40.8692   28.2984  2.92  1.53  0.363  20190926182643 11.44  A
20190922235624  2019   9  22  23  56 24.00  737690.9975000   40.8249   28.1758  8.20  1.53  1.000  20190922235624 28.95  B
20190923115839  2019   9  23  11  58 38.52  737691.4990569   40.8785   28.2238  4.83  1.52  0.285  20190926115346 10.33  A
20190923123934  2019   9  23  12  39 33.78  737691.5274743   40.8816   28.2199  6.61  1.31  0.514  20190922120709 15.66  A
20190923135512  2019   9  23  13  55 12.43  737691.5800050   40.8794   28.2259  5.54  1.13  0.412  20190924091645 13.33  A
20190924000101  2019   9  24   0   1  0.92  737692.0007051   40.8880   28.3219  3.94  1.22  0.345  20190926163525  9.62  A
20190924000252  2019   9  24   0   2 51.83  737692.0019888   40.8751   28.3044  2.46  1.49  0.342  20190927031957  9.23  A
20190924031447  2019   9  24   3  14 46.73  737692.1352631   40.8705   28.3213  3.67  1.27  0.371  20190926170331  9.58  A
20190924044213  2019   9  24   4  42 13.22  737692.1959863   40.8663   28.2928  4.89  1.30  0.342  20190927103230  9.83  A
20190924045026  2019   9  24   4  50 26.47  737692.2016953   40.8652   28.2367 10.13  1.46  0.228  20191019042955  9.48  A
20190924050536  2019   9  24   5   5 36.18  737692.2122243   40.8737   28.3024  5.11  1.52  0.278  20190929235259  9.25  A
20190924050637  2019   9  24   5   6 37.21  737692.2129307   40.8737   28.3024  5.11  1.43  0.273  20190929235259  9.09  A
20190924053810  2019   9  24   5  38  9.98  737692.2348377   40.8703   28.2906  9.75  1.82  0.384  20190929172724  9.10  A
20190924062151  2019   9  24   6  21 51.30  737692.2651771   40.8714   28.3026  5.07  2.46  0.318  20190930223322  9.18  A
20190924070207  2019   9  24   7   2  6.98  737692.2931363   40.8636   28.2372 11.51  1.36  0.244  20191019043023  9.00  A
20190924070425  2019   9  24   7   4 25.05  737692.2947344   40.8826   28.2284  8.09  1.19  0.290  20190924112246  9.51  A
20190924073049  2019   9  24   7  30 49.00  737692.3130671   40.8793   28.2250  6.28  2.97  1.000  20190924073049 32.28  A
20190924073614  2019   9  24   7  36 14.16  737692.3168306   40.8737   28.3116  1.40  1.33  0.327  20190927041649  9.62  A
20190924073818  2019   9  24   7  38 17.62  737692.3182595   40.8827   28.2175  7.23  1.47  0.657  20190924110035 24.02  A
20190924080022  2019   9  24   8   0 22.00  737692.3335880   40.8772   28.2215  1.68  4.47  1.000  20190924080022 24.80  A
20190924080716  2019   9  24   8   7 16.01  737692.3383797   40.8776   28.2413  5.77  1.69  0.493  20190924102308 12.81  A
20190924080818  2019   9  24   8   8 17.73  737692.3390941   40.8728   28.2327  8.69  1.40  0.466  20190924200900 12.74  A
20190924080902  2019   9  24   8   9  2.33  737692.3396103   40.8744   28.2214  8.49  1.35  0.458  20190927104504  9.66  A
20190924080958  2019   9  24   8   9 57.80  737692.3402523   40.8693   28.2290  3.60  1.50  0.263  20190924115632  9.82  A
20190924081218  2019   9  24   8  12 17.86  737692.3418734   40.8674   28.2579 10.65  1.86  0.583  20190924200900 15.95  A
20190924081335  2019   9  24   8  13 35.37  737692.3427705   40.8791   28.2225  6.41  1.37  0.406  20190924082705  9.61  A
20190924081432  2019   9  24   8  14 32.13  737692.3434274   40.8784   28.2269  3.70  1.37  0.407  20190924150510 14.97  A
20190924081545  2019   9  24   8  15 44.65  737692.3442668   40.8779   28.2550  3.89  1.44  0.380  20190926210055  9.48  A
20190924081608  2019   9  24   8  16  7.53  737692.3445316   40.8838   28.2221  8.07  1.25  0.310  20190926113546  9.59  A
20190924081715  2019   9  24   8  17 15.00  737692.3453125   40.8892   28.2384  1.88  1.73  1.000  20190924081715 15.43  A
20190924081933  2019   9  24   8  19 33.47  737692.3469152   40.8847   28.2208  4.98  1.44  0.696  20190924081715 10.74  A
20190924082243  2019   9  24   8  22 43.35  737692.3491128   40.8833   28.2228  6.48  1.49  0.639  20190924081715  9.87  A
20190924082528  2019   9  24   8  25 28.47  737692.3510240   40.8767   28.2563  2.92  1.42  0.389  20190925040924 10.02  A
20190924082705  2019   9  24   8  27  5.00  737692.3521412   40.8781   28.2235  6.13  2.21  1.000  20190924082705 32.33  A
20190924082940  2019   9  24   8  29 40.09  737692.3539362   40.8688   28.2976  1.96  1.65  0.292  20190926151822  9.61  A
20190924083015  2019   9  24   8  30 14.76  737692.3543375   40.8737   28.2302  6.20  1.82  0.489  20190924115632 18.20  A
20190924083251  2019   9  24   8  32 51.24  737692.3561486   40.8766   28.2517  5.34  2.02  0.796  20190925040924 17.93  A
20190924083443  2019   9  24   8  34 43.45  737692.3574473   40.8739   28.2470  6.86  1.34  0.351  20190926090016  9.74  A
20190924083558  2019   9  24   8  35 57.65  737692.3583061   40.8801   28.2285  6.19  1.61  0.370  20190926210055  9.24  A
20190924083618  2019   9  24   8  36 18.04  737692.3585421   40.8790   28.2199  6.01  1.40  0.494  20190924082705 15.99  A
20190924083726  2019   9  24   8  37 26.21  737692.3593311   40.8806   28.2258  5.36  1.24  0.476  20190925160003 15.20  A
20190924083911  2019   9  24   8  39 10.96  737692.3605435   40.8807   28.2245  5.37  1.38  0.426  20190924110035 15.57  A
20190924084051  2019   9  24   8  40 51.22  737692.3617039   40.8821   28.2203  4.51  1.25  0.583  20190924090408 14.69  A
20190924084308  2019   9  24   8  43  8.32  737692.3632907   40.8760   28.2408  5.08  1.53  0.473  20190924095917 10.68  A
20190924084328  2019   9  24   8  43 28.48  737692.3635241   40.8795   28.2312  5.77  1.44  0.355  20191007042031  9.64  A
20190924084404  2019   9  24   8  44  4.23  737692.3639378   40.8831   28.2171  7.69  1.43  0.472  20190927033740 11.82  A
20190924084950  2019   9  24   8  49 50.07  737692.3679406   40.8825   28.2205  4.13  1.26  0.558  20190924090408 14.06  A
20190924085722  2019   9  24   8  57 22.00  737692.3731713   40.8747   28.2272  6.80  3.08  1.000  20190924085722 34.73  A
20190924090057  2019   9  24   9   0 56.77  737692.3756571   40.8759   28.2438  5.93  1.85  0.802  20190924095917 18.10  A
20190924090159  2019   9  24   9   1 59.00  737692.3763773   40.8813   28.2203  6.46  1.34  0.324  20190924101107  9.02  A
20190924090408  2019   9  24   9   4  7.60  737692.3778657   40.8826   28.2189  6.59  1.78  0.538  20190927033740 13.47  A
20190924090649  2019   9  24   9   6 49.00  737692.3797338   40.8730   28.2317  9.30  1.27  0.406  20190924090057 10.75  A
20190924091645  2019   9  24   9  16 45.00  737692.3866319   40.8810   28.2297  7.21  1.78  1.000  20190924091645 31.80  A
20190924091702  2019   9  24   9  17  1.57  737692.3868237   40.8721   28.2433  5.42  1.78  0.480  20190924105652 11.45  A
20190924093605  2019   9  24   9  36  4.89  737692.4000566   40.8765   28.2491  5.47  1.48  0.400  20190926210055  9.99  A
20190924094129  2019   9  24   9  41 28.76  737692.4038051   40.8736   28.2455  5.10  1.37  0.567  20190924105652 13.51  A
20190924095729  2019   9  24   9  57 29.16  737692.4149208   40.8694   28.2450  4.95  1.14  0.452  20190924105652 10.79  A
20190924095917  2019   9  24   9  59 17.00  737692.4161690   40.8721   28.2417  5.38  1.86  1.000  20190924095917 33.75  A
20190924100259  2019   9  24  10   2 58.56  737692.4187333   40.8693   28.2290  3.60  1.86  0.251  20190924115632  9.35  A
20190924101106  2019   9  24  10  11  6.42  737692.4243799   40.8820   28.2228  6.84  2.43  0.552  20190927033740 13.82  A
20190924101150  2019   9  24  10  11 49.81  737692.4248821   40.8819   28.2201  4.44  1.84  0.540  20190924090408 12.78  A
20190924101316  2019   9  24  10  13 15.87  737692.4258781   40.8818   28.2227  8.23  1.23  0.414  20190925160003 10.23  A
20190924101413  2019   9  24  10  14 12.50  737692.4265336   40.8822   28.2203  4.40  1.17  0.565  20190924090408 14.23  A
20190924102308  2019   9  24  10  23  8.00  737692.4327315   40.8705   28.2446  3.92  2.78  1.000  20190924102308 34.93  A
20190924103348  2019   9  24  10  33 48.39  737692.4401434   40.8784   28.2308  2.13  1.41  0.375  20190924150510 13.79  A
20190924103403  2019   9  24  10  34  2.50  737692.4403067   40.8797   28.2227  6.73  1.46  0.693  20190924082705 16.39  A
20190924104317  2019   9  24  10  43 17.05  737692.4467251   40.8694   28.2450  4.95  1.99  0.486  20190924105652 11.59  A
20190924104421  2019   9  24  10  44 20.88  737692.4474639   40.8825   28.2205  4.08  1.35  0.522  20190924090408 12.35  A
20190924105056  2019   9  24  10  50 56.39  737692.4520416   40.8825   28.2204  7.31  1.57  0.632  20190924150510 23.22  A
20190924105652  2019   9  24  10  56 52.00  737692.4561574   40.8694   28.2450  4.95  2.27  1.000  20190924105652 33.20  A
20190924110035  2019   9  24  11   0 35.00  737692.4587384   40.8834   28.2208  9.82  1.97  1.000  20190924110035 36.56  A
20190924110118  2019   9  24  11   1 17.61  737692.4592316   40.8756   28.2536  6.06  1.99  0.590  20190926090016 16.20  A
20190924110625  2019   9  24  11   6 24.88  737692.4627880   40.8797   28.2272  6.89  1.56  0.666  20190922030936 15.74  A
20190924111457  2019   9  24  11  14 56.75  737692.4687124   40.8811   28.2266  5.69  1.31  0.480  20190925160003 15.34  A
20190924111914  2019   9  24  11  19 13.92  737692.4716889   40.8796   28.2412  5.58  3.36  0.664  20190925102453 14.74  A
20190924111926  2019   9  24  11  19 25.74  737692.4718257   40.8787   28.2701  9.30  3.36  0.353  20190926121709  9.67  A
20190924112246  2019   9  24  11  22 45.93  737692.4741427   40.8784   28.2398  6.35  1.99  0.483  20190924082705 11.42  A
20190924112516  2019   9  24  11  25 16.21  737692.4758821   40.8730   28.2368  7.54  1.32  0.354  20190924200900  9.70  A
20190924112837  2019   9  24  11  28 37.23  737692.4782087   40.8759   28.2395  6.34  1.55  0.585  20190924105652 13.94  A
20190924113233  2019   9  24  11  32 33.41  737692.4809422   40.8818   28.2206  6.64  2.11  0.547  20190927033740 13.69  A
20190924113257  2019   9  24  11  32 56.59  737692.4812105   40.8729   28.2507  5.92  2.14  0.786  20190924105652 25.75  A
20190924113304  2019   9  24  11  33  3.90  737692.4812951   40.8694   28.2450  4.95  2.14  0.444  20190924105652 10.59  A
20190924113743  2019   9  24  11  37 43.48  737692.4845310   40.8794   28.2286  6.48  1.61  0.328  20190924130950 11.36  A
20190924115632  2019   9  24  11  56 32.00  737692.4975926   40.8693   28.2290  3.60  1.93  1.000  20190924115632 37.26  A
20190924120412  2019   9  24  12   4 11.68  737692.5029130   40.8821   28.2220  6.12  1.40  0.704  20190924090408 16.67  A
20190924121726  2019   9  24  12  17 25.83  737692.5121045   40.8791   28.2461  3.74  1.32  0.410  20190925102453  9.11  A
20190924123132  2019   9  24  12  31 32.06  737692.5218988   40.8739   28.3020  5.87  1.45  0.402  20190926161229  9.04  A
20190924124023  2019   9  24  12  40 23.10  737692.5280451   40.8782   28.2356  6.22  1.40  0.628  20190922030936 14.87  A
20190924124238  2019   9  24  12  42 38.46  737692.5296118   40.8808   28.2269  7.60  1.83  0.874  20190925160003 21.58  A
20190924125452  2019   9  24  12  54 51.63  737692.5380976   40.8824   28.2258  5.14  1.54  0.375  20190924124239 11.68  A
20190924130950  2019   9  24  13   9 50.00  737692.5484954   40.8794   28.2318  9.55  1.96  1.000  20190924130950 34.81  A
20190924133744  2019   9  24  13  37 44.47  737692.5678758   40.8589   28.2811  7.36  1.79  0.230  20190926212345  9.06  A
20190924134649  2019   9  24  13  46 49.17  737692.5741802   40.8835   28.2242  7.87  1.29  0.289  20190924124239  9.40  A
20190924135153  2019   9  24  13  51 52.59  737692.5776920   40.8738   28.2984  2.25  1.32  0.271  20190926150644  9.38  A
20190924135316  2019   9  24  13  53 16.04  737692.5786579   40.8807   28.2238  7.15  2.41  0.932  20190924082705 22.04  A
20190924142422  2019   9  24  14  24 21.57  737692.6002497   40.8791   28.2400  2.26  1.36  0.398  20191007042031 10.82  A
20190924142734  2019   9  24  14  27 34.01  737692.6024770   40.8796   28.2200  5.33  1.39  0.448  20190924154702 12.04  A
20190924150510  2019   9  24  15   5 10.00  737692.6285880   40.8784   28.2308  2.13  2.29  1.000  20190924150510 36.74  A
20190924150918  2019   9  24  15   9 17.59  737692.6314536   40.8757   28.2643  4.89  1.33  0.307  20190927010558  9.50  A
20190924151109  2019   9  24  15  11  9.09  737692.6327441   40.8710   28.2368  9.35  1.86  0.724  20190924200900 19.80  A
20190924151120  2019   9  24  15  11 20.28  737692.6328736   40.8737   28.2561  7.05  1.86  0.340  20190926125210  9.90  A
20190924154259  2019   9  24  15  42 59.11  737692.6548508   40.8721   28.2417  5.38  1.22  0.272  20190924095917  9.17  A
20190924154702  2019   9  24  15  47  1.74  737692.6576590   40.8781   28.2435  7.51  1.66  0.753  20190924110035 19.05  A
20190924155745  2019   9  24  15  57 44.81  737692.6651020   40.8784   28.2308  2.13  1.10  0.415  20190924150510 15.25  A
20190924161827  2019   9  24  16  18 26.87  737692.6794777   40.8772   28.2352  6.04  1.37  0.466  20190924105652 11.11  A
20190924164017  2019   9  24  16  40 17.18  737692.6946433   40.8688   28.2976  1.96  1.52  0.298  20190926151822  9.81  A
20190924164029  2019   9  24  16  40 29.20  737692.6947824   40.8382   28.1484  7.14  1.52  0.289  20190429041206  9.76  A
20190924164438  2019   9  24  16  44 38.25  737692.6976649   40.8793   28.2234  6.03  1.30  0.248  20190925160003  9.08  A
20190924170906  2019   9  24  17   9  5.88  737692.7146514   40.8783   28.2448  5.05  1.28  0.637  20190924102308 22.26  A
20190924172047  2019   9  24  17  20 47.08  737692.7227671   40.8834   28.2208  9.82  1.14  0.244  20190924110035  9.07  A
20190924172346  2019   9  24  17  23 46.09  737692.7248390   40.8784   28.2308  2.13  1.16  0.252  20190924150510  9.24  A
20190924175704  2019   9  24  17  57  4.45  737692.7479682   40.8784   28.2308  2.13  1.18  0.455  20190924150510 16.71  A
20190924180322  2019   9  24  18   3 21.64  737692.7523338   40.8774   28.2383  6.81  1.57  0.688  20190924105652 16.42  A
20190924182105  2019   9  24  18  21  5.25  737692.7646441   40.8790   28.2419  5.27  1.14  0.454  20190926210055 11.34  A
20190924183913  2019   9  24  18  39 12.99  737692.7772337   40.8817   28.2223  7.60  1.08  0.435  20190924073049 10.10  A
20190924184412  2019   9  24  18  44 11.93  737692.7806936   40.8737   28.3024  5.11  1.51  0.280  20190929235259  9.34  A
20190924184423  2019   9  24  18  44 22.62  737692.7808174   40.8378   28.2557  9.59  1.51  0.423  20191001015921  9.17  B
20190924185946  2019   9  24  18  59 45.55  737692.7914994   40.8811   28.2258  7.23  1.59  0.862  20190925160003 21.30  A
20190924191117  2019   9  24  19  11 16.94  737692.7995016   40.8705   28.2446  3.92  1.20  0.370  20190924102308  9.62  A
20190924191353  2019   9  24  19  13 53.00  737692.8013079   40.8790   28.2419  5.27  1.27  0.405  20190926210055 10.10  A
20190924194528  2019   9  24  19  45 27.96  737692.8232403   40.8693   28.2392  6.76  1.82  0.310  20190927010558  9.61  A
20190924195704  2019   9  24  19  57  4.44  737692.8313014   40.8645   28.2637  9.16  1.39  0.343  20190929235259 11.44  A
20190924200900  2019   9  24  20   9  0.00  737692.8395833   40.8730   28.2368  7.54  1.69  1.000  20190924200900 27.36  A
20190924200910  2019   9  24  20   9 10.12  737692.8397005   40.8707   28.2726  3.93  1.69  0.289  20191006215503  9.27  A
20190924202454  2019   9  24  20  24 54.36  737692.8506292   40.8744   28.2332  3.81  1.35  0.385  20190926210055  9.62  A
20190924204059  2019   9  24  20  40 58.93  737692.8617932   40.8801   28.2314  6.83  1.14  0.404  20190926191956  9.79  A
20190924205733  2019   9  24  20  57 32.67  737692.8732948   40.8768   28.2429  6.91  1.90  0.891  20190924105652 29.17  A
20190924211728  2019   9  24  21  17 28.18  737692.8871317   40.8771   28.2428  6.13  1.35  0.676  20190925102453 15.01  A
20190924212210  2019   9  24  21  22  9.76  737692.8903907   40.8622   28.2762 11.43  1.28  0.230  20191015122344  9.20  A
20190924212218  2019   9  24  21  22 17.55  737692.8904809   40.8622   28.2762 11.43  1.28  0.227  20191015122344  9.05  A
20190924214756  2019   9  24  21  47 56.19  737692.9082892   40.8736   28.2536  5.53  1.26  0.663  20190924105652 15.81  A
20190924220926  2019   9  24  22   9 25.70  737692.9232141   40.8804   28.2261  7.05  1.68  0.862  20190924082705 20.37  A
20190924234327  2019   9  24  23  43 27.05  737692.9885075   40.8784   28.2308  2.13  1.01  0.340  20190924150510 12.50  A
20190925013408  2019   9  25   1  34  8.26  737693.0653734   40.8805   28.2192  5.94  1.05  0.376  20190924113234 12.35  A
20190925022639  2019   9  25   2  26 38.65  737693.1018362   40.8687   28.2595 10.10  1.42  0.747  20190924095917 27.80  A
20190925025710  2019   9  25   2  57  9.72  737693.1230292   40.8843   28.2191  8.08  1.38  0.600  20190924150510 24.39  A
20190925030029  2019   9  25   3   0 28.64  737693.1253315   40.8755   28.2443  6.55  1.08  0.661  20190925102453 15.24  A
20190925030041  2019   9  25   3   0 40.88  737693.1254731   40.8790   28.2321  5.95  1.15  0.421  20190924150510 12.30  A
20190925030510  2019   9  25   3   5  9.92  737693.1285870   40.8784   28.2308  2.13  1.00  0.272  20190924150510 11.06  A
20190925032542  2019   9  25   3  25 42.02  737693.1428475   40.8857   28.2182  8.22  1.52  0.565  20190926134331 14.84  A
20190925035102  2019   9  25   3  51  2.41  737693.1604446   40.8817   28.2189  7.83  1.09  0.365  20190925153609 10.47  A
20190925040924  2019   9  25   4   9 24.00  737693.1731944   40.8767   28.2563  2.92  1.55  1.000  20190925040924 27.19  A
20190925044516  2019   9  25   4  45 15.93  737693.1981010   40.8731   28.3061  6.79  1.14  0.450  20190926200240 10.15  A
20190925051355  2019   9  25   5  13 54.69  737693.2179941   40.8806   28.2227  7.26  1.25  0.401  20190925153609 11.51  A
20190925070517  2019   9  25   7   5 17.32  737693.2953394   40.8909   28.2098  2.95  1.46  0.268  20190926182052 10.30  A
20190925074924  2019   9  25   7  49 23.51  737693.3259666   40.8737   28.3024  5.11  1.44  0.287  20190929235259 10.02  A
20190925082730  2019   9  25   8  27 30.31  737693.3524341   40.8593   28.2797  7.36  1.69  0.245  20190926155038 10.55  A
20190925084518  2019   9  25   8  45 17.75  737693.3647888   40.8705   28.3213  3.67  1.42  0.338  20190926170331 10.18  A
20190925093250  2019   9  25   9  32 50.36  737693.3978051   40.8608   28.2890  5.25  1.79  0.320  20190929131829 11.24  A
20190925102453  2019   9  25  10  24 53.00  737693.4339468   40.8858   28.2473  3.60  1.74  1.000  20190925102453 23.05  A
20190925110837  2019   9  25  11   8 37.08  737693.4643181   40.8880   28.3219  3.94  1.31  0.318  20190926163525 10.30  A
20190925115960  2019   9  25  11  59 59.73  737693.4999969   40.8750   28.2528  7.25  1.34  0.317  20190926141038 10.28  A
20190925120920  2019   9  25  12   9 19.90  737693.5064803   40.8753   28.2632  4.58  1.83  0.292  20190926140751 10.18  A
20190925120952  2019   9  25  12   9 51.69  737693.5068483   40.8573   28.2380  6.51  1.55  0.294  20190927082817 10.18  A
20190925124135  2019   9  25  12  41 35.11  737693.5288786   40.8711   28.2999  1.49  1.26  0.308  20190926115126 10.59  A
20190925130758  2019   9  25  13   7 58.00  737693.5471991   40.8784   28.2173  3.70  3.16  1.000  20190925130758 27.61  A
20190925132226  2019   9  25  13  22 26.35  737693.5572494   40.8767   28.2513  4.97  1.36  0.563  20190925153609 16.15  A
20190925132927  2019   9  25  13  29 26.75  737693.5621152   40.8833   28.2155  1.98  1.23  0.463  20190925142759 10.95  A
20190925135254  2019   9  25  13  52 54.06  737693.5784035   40.8756   28.3085  1.61  1.73  0.277  20190927224431 10.14  A
20190925142758  2019   9  25  14  27 58.14  737693.6027562   40.8802   28.2267  6.95  1.76  0.680  20190924082705 18.60  A
20190925150524  2019   9  25  15   5 23.95  737693.6287494   40.8909   28.2098  2.95  1.93  0.271  20190926182052 10.39  A
20190925152058  2019   9  25  15  20 57.92  737693.6395593   40.8781   28.2397  6.51  1.67  0.680  20190924095917 17.30  A
20190925152159  2019   9  25  15  21 58.99  737693.6402661   40.8684   28.2795  8.60  1.51  0.571  20190926173131 10.77  A
20190925153609  2019   9  25  15  36  9.00  737693.6501042   40.8814   28.2203  7.02  2.79  1.000  20190925153609 34.12  A
20190925153942  2019   9  25  15  39 42.01  737693.6525696   40.8880   28.3219  3.94  1.48  0.314  20190926163525 10.20  A
20190925160003  2019   9  25  16   0  3.00  737693.6667014   40.8803   28.2245  6.73  2.62  1.000  20190925160003 35.59  A
20190925183930  2019   9  25  18  39 30.36  737693.7774347   40.8756   28.3085  1.61  1.50  0.276  20190927224431 10.11  A
20190925190123  2019   9  25  19   1 23.09  737693.7926284   40.8814   28.2203  7.02  1.17  0.396  20190925153609 11.36  A
20190925193603  2019   9  25  19  36  2.58  737693.8166965   40.8814   28.2212  7.77  1.21  0.449  20190925153609 12.88  A
20190925195735  2019   9  25  19  57 34.51  737693.8316494   40.8783   28.2232  5.25  1.13  0.251  20190922083857 10.23  A
20190925201716  2019   9  25  20  17 15.88  737693.8453227   40.8813   28.2190  7.10  1.15  0.433  20190925153609 12.41  A
20190925210918  2019   9  25  21   9 18.34  737693.8814623   40.8756   28.2519  7.50  1.48  0.588  20190926173131 11.09  A
20190925225106  2019   9  25  22  51  5.71  737693.9521494   40.8814   28.2239  7.24  1.60  0.773  20190925153609 22.16  A
20190925234336  2019   9  25  23  43 36.46  737693.9886164   40.8832   28.2190  7.46  1.36  0.678  20190925153609 19.45  A
20190925234352  2019   9  25  23  43 52.28  737693.9887995   40.8820   28.2225  6.84  1.43  0.460  20190927033740 13.15  A
20190926001403  2019   9  26   0  14  3.04  737694.0097574   40.8786   28.2269  3.88  1.31  0.476  20190924150510 19.34  A
20190926023009  2019   9  26   2  30  8.72  737694.1042676   40.8815   28.2253  5.83  1.18  0.367  20190924110035 14.95  A
20190926033918  2019   9  26   3  39 17.69  737694.1522881   40.8802   28.2224  7.65  1.17  0.369  20190926133343 10.11  A
20190926034213  2019   9  26   3  42 13.13  737694.1543186   40.8804   28.2265  7.50  1.34  0.487  20190924073049 12.92  A
20190926040547  2019   9  26   4   5 47.13  737694.1706844   40.8688   28.2976  1.96  1.78  0.269  20190926151822  9.66  A
20190926043422  2019   9  26   4  34 21.84  737694.1905306   40.8447   28.3656  8.22  1.34  0.231  20200102111840 10.06  B
20190926051025  2019   9  26   5  10 25.08  737694.2155681   40.8662   28.2536  5.76  1.35  0.303  20191001043249  9.52  A
20190926051107  2019   9  26   5  11  6.73  737694.2160501   40.8705   28.3213  3.67  1.54  0.330  20190926170331  9.72  A
20190926051132  2019   9  26   5  11 31.66  737694.2163387   40.8886   28.2082  8.12  1.56  0.355  20190927023537  9.50  A
20190926051201  2019   9  26   5  12  0.79  737694.2166758   40.8624   28.2885 10.21  1.66  0.391  20190926162341 10.31  A
20190926053424  2019   9  26   5  34 24.33  737694.2322260   40.8806   28.2271  7.36  1.50  0.545  20190924130950 15.04  A
20190926054038  2019   9  26   5  40 37.72  737694.2365477   40.8596   28.2783  7.36  1.77  0.249  20190926155038 10.35  A
20190926060057  2019   9  26   6   0 56.80  737694.2506574   40.8573   28.2380  6.51  1.76  0.294  20190927082817  9.88  A
20190926060105  2019   9  26   6   1  4.80  737694.2507500   40.8750   28.2563  6.99  1.76  0.282  20190926140751  9.58  A
20190926060321  2019   9  26   6   3 20.50  737694.2523206   40.8752   28.3139  3.46  2.08  0.301  20190928084129  9.65  A
20190926060339  2019   9  26   6   3 38.59  737694.2525300   40.8818   28.2422  8.51  2.03  0.313  20190926200621  9.72  A
20190926072424  2019   9  26   7  24 23.65  737694.3086071   40.8701   28.3001  3.53  1.88  0.332  20190926151822 11.95  A
20190926073207  2019   9  26   7  32  7.00  737694.3139699   40.8761   28.2269  8.86  3.50  1.000  20190926073207 32.43  A
20190926073424  2019   9  26   7  34 23.91  737694.3155545   40.8789   28.2254  5.57  1.71  0.385  20190922120709 12.84  A
20190926074540  2019   9  26   7  45 39.84  737694.3233778   40.8806   28.2267  6.65  1.44  0.466  20190929034155 11.12  A
20190926075245  2019   9  26   7  52 45.27  737694.3283017   40.8803   28.2317  7.50  2.39  0.825  20190925160003 23.12  A
20190926082707  2019   9  26   8  27  7.27  737694.3521675   40.8820   28.2221  8.01  1.99  0.762  20190925153609 21.45  A
20190926083001  2019   9  26   8  30  0.89  737694.3541770   40.8818   28.2251  7.81  1.57  0.627  20190925160003 17.57  A
20190926083842  2019   9  26   8  38 42.29  737694.3602117   40.8705   28.3213  3.67  1.59  0.326  20190926170331  9.59  A
20190926083903  2019   9  26   8  39  3.05  737694.3604520   40.8705   28.3213  3.67  1.59  0.338  20190926170331  9.96  A
20190926090016  2019   9  26   9   0 16.00  737694.3751852   40.8739   28.2470  6.86  3.04  1.000  20190926090016 30.99  A
20190926090449  2019   9  26   9   4 49.44  737694.3783500   40.8818   28.2284  7.28  1.40  0.394  20190926113152 10.16  A
20190926093604  2019   9  26   9  36  3.64  737694.4000421   40.8813   28.2254  7.34  1.77  0.684  20190925160003 19.17  A
20190926095512  2019   9  26   9  55 12.07  737694.4133341   40.8742   28.2438  4.60  1.33  0.577  20190924095917 14.42  A
20190926100256  2019   9  26  10   2 56.12  737694.4187051   40.8816   28.2253  7.38  1.25  0.347  20190925160003  9.74  A
20190926100341  2019   9  26  10   3 40.85  737694.4192228   40.8688   28.2976  1.96  1.29  0.265  20190926151822  9.53  A
20190926102234  2019   9  26  10  22 33.51  737694.4323323   40.8799   28.2249  6.07  1.38  0.317  20190926120419 11.72  A
20190926104440  2019   9  26  10  44 39.69  737694.4476816   40.8809   28.2249  7.69  1.38  0.357  20190926191956  9.80  A
20190926104642  2019   9  26  10  46 41.59  737694.4490925   40.8724   28.3136  3.27  1.40  0.357  20190927103926  9.61  A
20190926105309  2019   9  26  10  53  8.56  737694.4535713   40.8625   28.2927  6.68  1.97  0.268  20190926212345 11.23  A
20190926105332  2019   9  26  10  53 31.76  737694.4538398   40.8809   28.2217  7.33  1.73  0.322  20190926190958  9.62  A
20190926105925  2019   9  26  10  59 25.00  737694.4579282   40.8850   28.2135  7.74  5.05  1.000  20190926105925 28.14  A
20190926110438  2019   9  26  11   4 37.92  737694.4615500   40.8829   28.2235  9.15  3.00  0.624  20190929034155 14.88  A
20190926110446  2019   9  26  11   4 45.98  737694.4616433   40.8613   28.2858  5.20  3.00  0.321  20190926144804 11.83  A
20190926110504  2019   9  26  11   5  4.39  737694.4618564   40.8827   28.2271  8.71  2.88  0.293  20190928142839 11.52  A
20190926110510  2019   9  26  11   5  9.68  737694.4619176   40.8713   28.2638  5.96  2.89  0.474  20190930092837 12.52  A
20190926110536  2019   9  26  11   5 35.88  737694.4622208   40.8703   28.2826  7.40  2.79  0.527  20190928222002 12.60  A
20190926110611  2019   9  26  11   6 10.74  737694.4626243   40.8821   28.2271  7.57  2.59  0.491  20190926191956 13.45  A
20190926110616  2019   9  26  11   6 16.32  737694.4626889   40.8682   28.3069  2.33  2.59  0.299  20190926234806 10.76  A
20190926110702  2019   9  26  11   7  2.28  737694.4632208   40.8743   28.2547  8.26  2.47  0.315  20190927205640 11.14  A
20190926110709  2019   9  26  11   7  8.61  737694.4632941   40.8758   28.2420  7.35  2.47  0.346  20190926113546 11.48  A
20190926110723  2019   9  26  11   7 22.62  737694.4634563   40.8691   28.2647  5.25  2.47  0.463  20190926121505 16.50  A
20190926110737  2019   9  26  11   7 36.54  737694.4636174   40.8894   28.2696 15.00  2.29  0.413  20191213050435 10.85  B
20190926110744  2019   9  26  11   7 44.07  737694.4637045   40.8810   28.2309  5.56  2.39  0.383  20190926112254 10.20  A
20190926110753  2019   9  26  11   7 53.41  737694.4638126   40.8867   28.2484  5.60  2.41  0.527  20190928014554 10.59  A
20190926110816  2019   9  26  11   8 16.16  737694.4640759   40.8625   28.2751  5.99  2.23  0.481  20190929141354 10.10  A
20190926110858  2019   9  26  11   8 58.21  737694.4645626   40.8720   28.2959  5.49  2.83  0.752  20190926151822 27.02  A
20190926110909  2019   9  26  11   9  9.44  737694.4646926   40.8848   28.2155  8.68  2.85  0.609  20191002110229 14.01  A
20190926110934  2019   9  26  11   9 34.12  737694.4649782   40.8697   28.2949  4.13  2.75  0.508  20190927064555 15.58  A
20190926111006  2019   9  26  11  10  6.11  737694.4653485   40.8637   28.2881 10.28  2.26  0.527  20190926162341 13.89  A
20190926111041  2019   9  26  11  10 40.80  737694.4657500   40.8815   28.2231  7.54  2.21  0.578  20190926113402 14.00  A
20190926111058  2019   9  26  11  10 57.74  737694.4659461   40.8714   28.2642  5.27  2.21  0.558  20191006215621 15.94  A
20190926111103  2019   9  26  11  11  2.96  737694.4660065   40.8682   28.2754  5.67  2.13  0.359  20190930063518 13.64  A
20190926111120  2019   9  26  11  11 20.13  737694.4662052   40.8704   28.2946  5.60  3.16  0.662  20190927224431 23.09  A
20190926111128  2019   9  26  11  11 27.88  737694.4662949   40.8757   28.2604  5.69  3.19  0.461  20190927153913 12.45  A
20190926111134  2019   9  26  11  11 34.00  737694.4663657   40.8738   28.2787  1.79  3.19  1.000  20190926111134 35.75  A
20190926111236  2019   9  26  11  12 36.14  737694.4670850   40.8705   28.3023  4.01  2.18  0.515  20191001153405 15.84  A
20190926111246  2019   9  26  11  12 46.03  737694.4671994   40.8688   28.2609  6.81  2.12  0.460  20190928222002 11.00  A
20190926111252  2019   9  26  11  12 51.63  737694.4672642   40.8827   28.2253  7.07  2.12  0.436  20190929171047 10.19  A
20190926111324  2019   9  26  11  13 24.00  737694.4676389   40.8681   28.2947  3.80  2.56  1.000  20190926111324 32.88  A
20190926111335  2019   9  26  11  13 34.92  737694.4677653   40.8674   28.2894  5.92  2.54  0.470  20190926153115 11.05  A
20190926111345  2019   9  26  11  13 45.35  737694.4678860   40.8813   28.2671  6.65  2.41  0.248  20190926132544 10.09  A
20190926111358  2019   9  26  11  13 58.10  737694.4680336   40.8714   28.2597  4.62  2.21  0.567  20190930014059 15.25  A
20190926111424  2019   9  26  11  14 23.59  737694.4683286   40.8838   28.2192  7.66  2.42  0.623  20190927033740 17.42  A
20190926111445  2019   9  26  11  14 45.13  737694.4685779   40.8668   28.2783  5.18  2.27  0.633  20190930063518 24.03  A
20190926111502  2019   9  26  11  15  1.89  737694.4687719   40.8811   28.2265  7.38  2.07  0.509  20190926112254 13.56  A
20190926111526  2019   9  26  11  15 26.25  737694.4690538   40.8612   28.2738 11.46  1.92  0.418  20190929172724 10.75  A
20190926111534  2019   9  26  11  15 34.47  737694.4691490   40.8854   28.2173  9.06  1.88  0.354  20190927033740  9.92  A
20190926111550  2019   9  26  11  15 50.17  737694.4693307   40.8717   28.2876  4.79  1.72  0.397  20190928051848 13.39  A
20190926111617  2019   9  26  11  16 16.91  737694.4696402   40.8746   28.2221  8.29  1.90  0.536  20190927104504 11.82  A
20190926111626  2019   9  26  11  16 26.22  737694.4697479   40.8574   28.2773  4.86  1.90  0.628  20190926153853 14.60  A
20190926111635  2019   9  26  11  16 35.27  737694.4698527   40.8734   28.2729  5.66  1.83  0.421  20190926114252 10.76  A
20190926111655  2019   9  26  11  16 54.65  737694.4700770   40.8854   28.2627  8.04  2.71  0.582  20190926140751 19.72  B
20190926111807  2019   9  26  11  18  6.85  737694.4709126   40.8763   28.2078  8.11  1.76  0.720  20190929063052 21.27  A
20190926111831  2019   9  26  11  18 30.64  737694.4711880   40.8825   28.2715  5.42  1.86  0.395  20190926145219 11.25  A
20190926111841  2019   9  26  11  18 41.35  737694.4713119   40.8818   28.2231  6.47  1.87  0.467  20190929034155 11.13  A
20190926111850  2019   9  26  11  18 49.86  737694.4714104   40.8787   28.2195  8.62  2.25  0.441  20190927033740 12.34  A
20190926111859  2019   9  26  11  18 58.51  737694.4715105   40.8682   28.2896  4.15  2.25  0.576  20190927064555 17.66  A
20190926111917  2019   9  26  11  19 17.03  737694.4717249   40.8698   28.2592  5.69  2.17  0.524  20191213050435 13.78  A
20190926111954  2019   9  26  11  19 54.00  737694.4721528   40.8810   28.2722  6.65  3.06  1.000  20190926111954 31.61  A
20190926112058  2019   9  26  11  20 57.86  737694.4728919   40.8821   28.2204  7.06  1.93  0.366  20190927033740 10.23  A
20190926112116  2019   9  26  11  21 16.00  737694.4731019   40.8846   28.2285  6.49  2.57  1.000  20190926112116 38.54  A
20190926112140  2019   9  26  11  21 39.94  737694.4733789   40.8667   28.2609  5.90  2.30  0.477  20190929053611 11.66  A
20190926112154  2019   9  26  11  21 53.91  737694.4735406   40.8683   28.2743  5.86  2.11  0.523  20190930063518 19.86  A
20190926112213  2019   9  26  11  22 13.18  737694.4737637   40.8832   28.2277  8.91  1.98  0.438  20191002110229 10.07  A
20190926112222  2019   9  26  11  22 21.83  737694.4738638   40.8692   28.2837  4.06  1.98  0.346  20190929022157  9.92  A
20190926112242  2019   9  26  11  22 41.57  737694.4740922   40.8802   28.2305  7.85  2.44  0.397  20190926191956 10.89  A
20190926112254  2019   9  26  11  22 54.00  737694.4742361   40.8821   28.2363  4.59  2.44  1.000  20190926112254 33.97  A
20190926112320  2019   9  26  11  23 20.05  737694.4745376   40.8799   28.2317  6.97  2.17  0.450  20190926112254 12.01  A
20190926112330  2019   9  26  11  23 30.19  737694.4746550   40.8715   28.3115  1.88  2.18  0.312  20191001153405  9.59  A
20190926112340  2019   9  26  11  23 40.32  737694.4747722   40.8737   28.2951  5.92  2.54  0.768  20191001153405 23.64  A
20190926112353  2019   9  26  11  23 52.67  737694.4749152   40.8738   28.2731  5.87  2.61  0.515  20190927153913 13.92  A
20190926112404  2019   9  26  11  24  3.76  737694.4750435   40.8736   28.2985  4.28  2.61  0.582  20190926194348 16.87  A
20190926112431  2019   9  26  11  24 30.89  737694.4753575   40.8647   28.2777  5.23  2.00  0.513  20190929024651 13.20  A
20190926112443  2019   9  26  11  24 42.66  737694.4754937   40.8640   28.2897  4.86  1.76  0.415  20190926111324 13.63  A
20190926112524  2019   9  26  11  25 24.37  737694.4759765   40.8790   28.2385  2.23  1.38  0.378  20191007042031 10.63  A
20190926112531  2019   9  26  11  25 30.56  737694.4760481   40.8705   28.3213  3.67  1.42  0.328  20190926170331  9.66  A
20190926112544  2019   9  26  11  25 43.86  737694.4762021   40.8827   28.2228  7.59  1.81  0.374  20190926113546 12.64  A
20190926112602  2019   9  26  11  26  1.52  737694.4764065   40.8703   28.2833  5.09  2.38  0.521  20190927022329 11.40  A
20190926112614  2019   9  26  11  26 14.46  737694.4765563   40.8731   28.2928  6.01  2.39  0.554  20190927001500 17.34  A
20190926112636  2019   9  26  11  26 36.00  737694.4768056   40.8678   28.2993  8.47  4.13  1.000  20190926112636 31.24  A
20190926112846  2019   9  26  11  28 46.00  737694.4783102   40.8673   28.2782  6.45  2.59  1.000  20190926112846 25.49  A
20190926112913  2019   9  26  11  29 12.95  737694.4786221   40.8698   28.2773  5.28  3.06  0.495  20190929111900 13.81  A
20190926112919  2019   9  26  11  29 18.59  737694.4786874   40.8774   28.3146  7.24  3.06  0.560  20191005065248 17.45  A
20190926113041  2019   9  26  11  30 40.54  737694.4796359   40.8765   28.2412  6.24  1.82  0.402  20190924102308 11.93  A
20190926113109  2019   9  26  11  31  9.01  737694.4799654   40.8678   28.2834  4.43  1.78  0.515  20191001153405 15.86  A
20190926113126  2019   9  26  11  31 25.72  737694.4801588   40.8717   28.2670  4.26  1.64  0.679  20190929023956 25.80  A
20190926113140  2019   9  26  11  31 39.81  737694.4803219   40.8745   28.2602  6.42  2.99  0.374  20190928223705 13.18  A
20190926113152  2019   9  26  11  31 52.00  737694.4804630   40.8829   28.2261  7.15  2.99  1.000  20190926113152 35.28  A
20190926113252  2019   9  26  11  32 52.08  737694.4811583   40.8732   28.2948  6.05  2.24  0.733  20190928110303 19.09  A
20190926113300  2019   9  26  11  33  0.33  737694.4812538   40.8711   28.2963  5.74  2.24  0.406  20190927031957 11.43  A
20190926113322  2019   9  26  11  33 21.72  737694.4815014   40.8652   28.2748  8.43  1.83  0.698  20190926153115 16.41  A
20190926113347  2019   9  26  11  33 47.27  737694.4817971   40.8787   28.2337  9.51  3.12  0.648  20190927104504 14.28  A
20190926113356  2019   9  26  11  33 56.45  737694.4819034   40.8688   28.2976  1.96  3.25  0.279  20190926151822 10.02  A
20190926113402  2019   9  26  11  34  2.00  737694.4819676   40.8839   28.2196  9.86  3.25  1.000  20190926113402 32.91  A
20190926113546  2019   9  26  11  35 46.00  737694.4831713   40.8863   28.2196  8.40  2.10  1.000  20190926113546 33.14  A
20190926113603  2019   9  26  11  36  3.09  737694.4833691   40.8831   28.2172  6.19  2.10  0.495  20190930035815 10.17  A
20190926113704  2019   9  26  11  37  4.23  737694.4840767   40.8623   28.2935  4.90  1.45  0.345  20190926114534 14.66  A
20190926113719  2019   9  26  11  37 18.91  737694.4842466   40.8732   28.2612  5.93  1.66  0.478  20190926152531 15.70  A
20190926113728  2019   9  26  11  37 28.27  737694.4843550   40.8817   28.2269  7.46  1.66  0.468  20190929034155 11.16  A
20190926113739  2019   9  26  11  37 38.85  737694.4844774   40.8720   28.3011  2.28  1.66  0.605  20190926153115 14.21  A
20190926113754  2019   9  26  11  37 53.86  737694.4846512   40.8662   28.3040  5.62  1.58  0.426  20190926182643 12.09  A
20190926113816  2019   9  26  11  38 15.82  737694.4849053   40.8802   28.2306  7.01  2.14  0.778  20190929034155 18.55  A
20190926113825  2019   9  26  11  38 24.52  737694.4850060   40.8829   28.2595  3.92  2.14  0.278  20190926150644 10.40  A
20190926113849  2019   9  26  11  38 49.26  737694.4852924   40.8730   28.2754  2.43  1.57  0.304  20190929023956 11.56  A
20190926113911  2019   9  26  11  39 10.73  737694.4855409   40.8828   28.2211  7.48  1.78  0.642  20190927033740 17.98  A
20190926113918  2019   9  26  11  39 17.81  737694.4856228   40.8780   28.2568  6.00  1.90  0.360  20190926162616 10.42  A
20190926113930  2019   9  26  11  39 30.31  737694.4857675   40.8862   28.2165  8.42  1.98  0.746  20190930023130 27.23  A
20190926113952  2019   9  26  11  39 52.33  737694.4860223   40.8809   28.2213  6.97  1.68  0.356  20190926235847 12.27  A
20190926114003  2019   9  26  11  40  3.20  737694.4861481   40.8637   28.2923  9.91  1.54  0.622  20190926182643 21.98  A
20190926114035  2019   9  26  11  40 35.03  737694.4865166   40.8659   28.2939  6.36  1.45  0.439  20190927103230 14.17  A
20190926114044  2019   9  26  11  40 43.51  737694.4866147   40.8738   28.2899  4.78  1.45  0.422  20190926150457 12.26  A
20190926114054  2019   9  26  11  40 54.39  737694.4867406   40.8859   28.2203  5.83  1.44  0.457  20190926115346 17.92  A
20190926114060  2019   9  26  11  40 59.66  737694.4868016   40.8769   28.2290  6.47  1.38  0.394  20190926195605 10.70  A
20190926114120  2019   9  26  11  41 19.95  737694.4870365   40.8828   28.2266  9.29  1.56  0.464  20190929214015 13.84  A
20190926114144  2019   9  26  11  41 43.81  737694.4873126   40.8670   28.2925  8.73  2.02  0.904  20190926162341 23.83  A
20190926114158  2019   9  26  11  41 57.56  737694.4874718   40.8671   28.2773  4.68  2.02  0.376  20190926220217 11.78  A
20190926114221  2019   9  26  11  42 21.42  737694.4877479   40.8766   28.2405  9.01  1.86  0.817  20191002110229 18.79  A
20190926114238  2019   9  26  11  42 38.07  737694.4879406   40.8662   28.3040  5.62  1.89  0.336  20190926182643  9.55  A
20190926114252  2019   9  26  11  42 52.00  737694.4881019   40.8736   28.2932  7.68  2.57  1.000  20190926114252 35.18  A
20190926114356  2019   9  26  11  43 55.52  737694.4888370   40.8703   28.3056  2.41  1.96  0.236  20190927064555 10.18  A
20190926114424  2019   9  26  11  44 24.09  737694.4891677   40.8647   28.2920  3.48  1.44  0.381  20190927042346 14.11  A
20190926114514  2019   9  26  11  45 14.23  737694.4897480   40.8648   28.2859  8.86  2.00  0.630  20190927173842 14.26  A
20190926114534  2019   9  26  11  45 34.00  737694.4899769   40.8607   28.2960  4.86  2.24  1.000  20190926114534 42.55  A
20190926114617  2019   9  26  11  46 16.89  737694.4904733   40.8629   28.2696  4.96  1.78  0.402  20190929024651 10.43  A
20190926114628  2019   9  26  11  46 27.81  737694.4905997   40.8771   28.3034  4.28  1.69  0.332  20190929235259 11.06  A
20190926114636  2019   9  26  11  46 35.89  737694.4906932   40.8738   28.2984  2.25  1.69  0.296  20190926150644  9.67  A
20190926114701  2019   9  26  11  47  1.26  737694.4909868   40.8715   28.2992  5.08  1.93  0.565  20190926194348 16.37  A
20190926114706  2019   9  26  11  47  6.38  737694.4910461   40.8767   28.2501  6.27  1.93  0.632  20190927010558 20.84  A
20190926114716  2019   9  26  11  47 15.53  737694.4911520   40.8843   28.2183  4.32  1.93  0.409  20190929063052 12.08  A
20190926114741  2019   9  26  11  47 40.90  737694.4914456   40.8660   28.2867  5.58  1.67  0.666  20190926144804 24.58  A
20190926114800  2019   9  26  11  48  0.38  737694.4916711   40.8792   28.2372  7.49  1.76  0.638  20190927091528 12.63  A
20190926114820  2019   9  26  11  48 20.44  737694.4919032   40.8623   28.2979  4.38  1.70  0.393  20190926183953 11.01  A
20190926114843  2019   9  26  11  48 43.05  737694.4921649   40.8635   28.2894  9.14  1.75  0.697  20190927173842 15.77  A
20190926114851  2019   9  26  11  48 51.14  737694.4922586   40.8703   28.2776  3.95  1.75  0.342  20191001043249 10.73  A
20190926114920  2019   9  26  11  49 20.23  737694.4925953   40.8694   28.2973  2.55  1.34  0.358  20190926162616 10.36  A
20190926115004  2019   9  26  11  50  4.03  737694.4931022   40.8817   28.2257  7.42  1.64  0.650  20190926133343 17.82  A
20190926115057  2019   9  26  11  50 56.65  737694.4937112   40.8615   28.2954  4.80  1.31  0.378  20190926183953 10.59  A
20190926115111  2019   9  26  11  51 10.62  737694.4938729   40.8851   28.2159  8.84  2.54  0.310  20190926113546 10.28  A
20190926115126  2019   9  26  11  51 26.00  737694.4940509   40.8711   28.2999  1.49  2.57  1.000  20190926115126 41.59  A
20190926115243  2019   9  26  11  52 43.06  737694.4949428   40.8628   28.2825  6.25  1.42  0.345  20191015202523 13.04  A
20190926115256  2019   9  26  11  52 55.50  737694.4950868   40.8696   28.2995  3.97  1.42  0.453  20190926162616 13.13  A
20190926115346  2019   9  26  11  53 46.00  737694.4956713   40.8785   28.2238  4.83  2.08  1.000  20190926115346 39.19  A
20190926115352  2019   9  26  11  53 51.67  737694.4957369   40.8700   28.2675  5.77  2.08  0.300  20190929075821 10.12  A
20190926115400  2019   9  26  11  54  0.40  737694.4958380   40.8708   28.3134  3.16  2.08  0.354  20190927103926  9.54  A
20190926115450  2019   9  26  11  54 49.92  737694.4964111   40.8736   28.2942  6.17  1.47  0.524  20190926194348 15.21  A
20190926115516  2019   9  26  11  55 15.78  737694.4967104   40.8817   28.2220  7.36  1.62  0.638  20190926133343 17.48  A
20190926115525  2019   9  26  11  55 25.43  737694.4968221   40.8641   28.2892  9.23  1.62  0.563  20190927191017 13.47  A
20190926115550  2019   9  26  11  55 50.35  737694.4971105   40.8766   28.2656  5.04  1.37  0.303  20190926120025  9.69  A
20190926115628  2019   9  26  11  56 28.06  737694.4975470   40.8823   28.2984  5.83  1.56  0.339  20190926150457  9.84  A
20190926115635  2019   9  26  11  56 34.71  737694.4976240   40.8740   28.2717  4.81  1.56  0.440  20190924102308 13.04  A
20190926115656  2019   9  26  11  56 56.34  737694.4978743   40.8688   28.2602  6.04  1.53  0.460  20190929075821 13.24  A
20190926115705  2019   9  26  11  57  5.01  737694.4979747   40.8767   28.3111  1.47  1.53  0.500  20190926153115 11.75  A
20190926115757  2019   9  26  11  57 57.10  737694.4985775   40.8785   28.2238  4.83  1.30  0.270  20190926115346 10.53  A
20190926115816  2019   9  26  11  58 16.21  737694.4987987   40.8737   28.3024  5.11  1.47  0.357  20190929235259 11.91  A
20190926115826  2019   9  26  11  58 26.31  737694.4989156   40.8743   28.2547  8.26  1.53  0.261  20190927205640 10.03  A
20190926115844  2019   9  26  11  58 43.69  737694.4991168   40.8830   28.2214  8.01  2.08  0.902  20190927230934 20.07  A
20190926115944  2019   9  26  11  59 43.78  737694.4998123   40.8692   28.2599  5.65  1.73  0.444  20190930001527 10.59  A
20190926115949  2019   9  26  11  59 49.42  737694.4998775   40.8621   28.2843  6.25  1.73  0.321  20190930063518 12.21  A
20190926115959  2019   9  26  11  59 58.71  737694.4999851   40.8705   28.2509  5.11  1.73  0.407  20190929014855 11.44  A
20190926120006  2019   9  26  12   0  6.00  737694.5000694   40.8818   28.2147  5.13  1.72  0.411  20190927091623 11.49  A
20190926120025  2019   9  26  12   0 25.00  737694.5002894   40.8766   28.2656  5.04  2.33  1.000  20190926120025 45.21  A
20190926120160  2019   9  26  12   1 59.87  737694.5013874   40.8680   28.2975  4.59  1.41  0.308  20190926214902  9.84  A
20190926120209  2019   9  26  12   2  9.46  737694.5014984   40.8763   28.2367  6.72  1.41  0.760  20190927104504 16.75  B
20190926120342  2019   9  26  12   3 42.16  737694.5025713   40.8624   28.2760 12.61  2.41  0.756  20190926162341 19.92  A
20190926120406  2019   9  26  12   4  5.64  737694.5028431   40.8720   28.3061  4.82  2.62  0.344  20190927103926 12.94  A
20190926120419  2019   9  26  12   4 19.00  737694.5029977   40.8778   28.2243  6.93  2.63  1.000  20190926120419 36.96  A
20190926120508  2019   9  26  12   5  8.27  737694.5035679   40.8785   28.2238  4.83  1.85  0.260  20190926115346 10.16  A
20190926120534  2019   9  26  12   5 34.11  737694.5038670   40.8859   28.2204  5.23  2.04  0.413  20190926115346 16.17  A
20190926120542  2019   9  26  12   5 41.94  737694.5039576   40.8770   28.2620  8.10  2.04  0.450  20191003154641 12.10  A
20190926120632  2019   9  26  12   6 31.93  737694.5045362   40.8724   28.2734  6.24  1.67  0.850  20190928223705 29.94  A
20190926120718  2019   9  26  12   7 18.20  737694.5050718   40.8749   28.2587  5.27  1.56  0.586  20190927010558 19.30  A
20190926120727  2019   9  26  12   7 27.47  737694.5051791   40.8706   28.3036  2.64  1.56  0.233  20190926214902 10.00  A
20190926120749  2019   9  26  12   7 49.47  737694.5054337   40.8712   28.2952  5.58  1.44  0.554  20190926194348 16.08  A
20190926120816  2019   9  26  12   8 15.72  737694.5057375   40.8763   28.2585  7.66  1.36  0.447  20191008083347 17.09  A
20190926120916  2019   9  26  12   9 16.00  737694.5064352   40.8657   28.2587  4.65  2.02  1.000  20190926120916 39.07  A
20190926120955  2019   9  26  12   9 55.24  737694.5068894   40.8607   28.2649  5.77  1.58  0.360  20190929141354 10.29  A
20190926121129  2019   9  26  12  11 28.77  737694.5079719   40.8689   28.2891  4.59  1.59  0.445  20190929235259 14.83  A
20190926121140  2019   9  26  12  11 40.08  737694.5081028   40.8752   28.2569  5.15  1.59  0.399  20190930092837 10.53  A
20190926121323  2019   9  26  12  13 23.03  737694.5092943   40.8791   28.2502  6.78  1.61  0.403  20190926135701 10.18  A
20190926121335  2019   9  26  12  13 35.10  737694.5094340   40.8653   28.2960  8.48  1.61  0.530  20191001153405 18.96  A
20190926121406  2019   9  26  12  14  6.44  737694.5097968   40.8780   28.2437  6.57  2.31  0.712  20190926120419 19.87  A
20190926121453  2019   9  26  12  14 52.85  737694.5103339   40.8795   28.2414  5.78  3.52  0.480  20190926210055 12.10  A
20190926121505  2019   9  26  12  15  5.00  737694.5104745   40.9017   27.9386 57.51  3.52  1.000  20190926121505 35.67  B
20190926121623  2019   9  26  12  16 22.96  737694.5113769   40.8811   28.2297  7.30  2.42  0.530  20190926112254 14.13  A
20190926121709  2019   9  26  12  17  9.00  737694.5119097   40.8787   28.2701  9.30  3.51  1.000  20190926121709 30.74  A
20190926121941  2019   9  26  12  19 41.05  737694.5136696   40.8642   28.2764  9.48  2.13  0.667  20190926202621 13.70  A
20190926121947  2019   9  26  12  19 46.61  737694.5137339   40.8831   28.2376  5.30  2.13  0.692  20190926113913 16.87  A
20190926122105  2019   9  26  12  21  4.69  737694.5146376   40.8823   28.2229  7.96  2.05  0.628  20190927230934 13.97  A
20190926122239  2019   9  26  12  22 38.50  737694.5157234   40.8741   28.2589  6.60  2.36  0.679  20190926112254 18.11  A
20190926122251  2019   9  26  12  22 51.38  737694.5158725   40.8705   28.3213  3.67  2.36  0.331  20190926170331  9.74  A
20190926122357  2019   9  26  12  23 57.45  737694.5166372   40.8806   28.2758  5.75  1.71  0.538  20190926210055 13.57  B
20190926122403  2019   9  26  12  24  2.75  737694.5166985   40.8740   28.2837  5.02  1.71  0.534  20190928084129 17.12  A
20190926122440  2019   9  26  12  24 39.56  737694.5171245   40.8823   28.2224  7.72  2.01  0.569  20190927033740 15.93  A
20190926122610  2019   9  26  12  26 10.00  737694.5181713   40.8595   28.2871  5.31  3.72  1.000  20190926122610 35.04  A
20190926123106  2019   9  26  12  31  5.80  737694.5215949   40.8623   28.2846  9.31  1.94  0.579  20190926161229 13.65  A
20190926123208  2019   9  26  12  32  8.08  737694.5223157   40.8732   28.2491  5.23  1.76  0.529  20190926210055 13.34  A
20190926123328  2019   9  26  12  33 27.63  737694.5232365   40.8712   28.2873  6.75  1.61  0.716  20190928222002 17.12  A
20190926123336  2019   9  26  12  33 36.05  737694.5233339   40.8909   28.2098  2.95  1.89  0.283  20190926182052 10.47  A
20190926123345  2019   9  26  12  33 45.09  737694.5234385   40.8711   28.2999  1.49  2.01  0.302  20190926115126  9.99  A
20190926123603  2019   9  26  12  36  2.67  737694.5250309   40.8834   28.2241 15.45  1.48  0.469  20190929214015 13.97  A
20190926123806  2019   9  26  12  38  6.48  737694.5264639   40.8623   28.2864  4.66  1.75  0.346  20190926144804 12.78  A
20190926124039  2019   9  26  12  40 39.31  737694.5282328   40.8909   28.2098  2.95  1.48  0.269  20190926182052  9.94  A
20190926124158  2019   9  26  12  41 58.47  737694.5291490   40.8691   28.2617  5.94  1.55  0.672  20190926120025 30.40  A
20190926124328  2019   9  26  12  43 27.70  737694.5301817   40.8658   28.2928  8.73  1.33  0.493  20191003154641 13.26  A
20190926124410  2019   9  26  12  44  9.78  737694.5306688   40.8646   28.2913  9.28  1.48  0.765  20190926162341 20.17  A
20190926124524  2019   9  26  12  45 24.42  737694.5315326   40.8879   28.2235  7.64  1.24  0.366  20190928220932 11.72  A
20190926124543  2019   9  26  12  45 43.19  737694.5317499   40.8853   28.2235  7.89  1.25  0.371  20190928055714  9.83  A
20190926124555  2019   9  26  12  45 55.02  737694.5318868   40.8791   28.2438  6.98  1.27  0.420  20190927010558 13.85  A
20190926124656  2019   9  26  12  46 55.86  737694.5325910   40.8623   28.2895  9.53  1.42  0.557  20190926183953 15.60  A
20190926124711  2019   9  26  12  47 11.33  737694.5327700   40.8840   28.2181  8.12  1.44  0.542  20190926180251 14.77  A
20190926124807  2019   9  26  12  48  7.05  737694.5334149   40.8812   28.2166  9.17  1.37  0.345  20190926214218  9.50  A
20190926124816  2019   9  26  12  48 16.48  737694.5335241   40.8697   28.2864  5.44  1.39  0.389  20190928231808 12.41  A
20190926124909  2019   9  26  12  49  8.85  737694.5341302   40.8728   28.2979  5.29  1.44  0.616  20190926151822 22.16  A
20190926125045  2019   9  26  12  50 45.36  737694.5352472   40.8735   28.3100  5.46  1.65  0.675  20190928084129 26.11  A
20190926125113  2019   9  26  12  51 12.64  737694.5355630   40.8668   28.2828  6.62  1.37  0.568  20190926153115 13.34  A
20190926125141  2019   9  26  12  51 40.68  737694.5358875   40.8784   28.2308  2.13  1.49  0.274  20190924150510 11.13  A
20190926125147  2019   9  26  12  51 46.88  737694.5359593   40.8687   28.2886  6.04  1.51  0.330  20190929235259 10.99  A
20190926125156  2019   9  26  12  51 55.68  737694.5360611   40.8829   28.2131  0.95  2.36  0.320  20190929155318 10.30  A
20190926125210  2019   9  26  12  52 10.00  737694.5362269   40.8728   28.2559  7.09  2.36  1.000  20190926125210 40.18  A
20190926125252  2019   9  26  12  52 52.28  737694.5367162   40.8752   28.2240  7.79  1.53  0.480  20190927104504 10.57  A
20190926125309  2019   9  26  12  53  9.36  737694.5369139   40.8721   28.2926  5.14  1.75  0.461  20190926150644 17.21  A
20190926125328  2019   9  26  12  53 28.17  737694.5371316   40.8632   28.2788  6.88  1.93  0.575  20190930063518 21.86  A
20190926125351  2019   9  26  12  53 51.49  737694.5374015   40.8759   28.2969  3.83  1.75  0.386  20190926151822 13.87  A
20190926125445  2019   9  26  12  54 45.48  737694.5380264   40.8781   28.2460  6.18  1.20  0.354  20190926152531 11.64  A
20190926125612  2019   9  26  12  56 12.43  737694.5390328   40.8856   28.2437 10.02  1.35  0.359  20190927023537  9.59  B
20190926125640  2019   9  26  12  56 40.35  737694.5393559   40.8863   28.2026  9.74  1.38  0.381  20190926152301 13.16  A
20190926125652  2019   9  26  12  56 51.92  737694.5394898   40.8638   28.2884 10.14  1.38  0.398  20190926162341 10.47  A
20190926125727  2019   9  26  12  57 27.09  737694.5398969   40.8818   28.2335  7.33  1.31  0.387  20190926112254 10.31  A
20190926125840  2019   9  26  12  58 40.32  737694.5407444   40.8770   28.2171 10.63  2.59  0.568  20190926152301 19.63  A
20190926125850  2019   9  26  12  58 50.14  737694.5408581   40.8729   28.2536  5.04  3.54  0.449  20190926210055 11.32  A
20190926125859  2019   9  26  12  58 59.00  737694.5409606   40.8820   28.2277  8.65  3.54  1.000  20190926125859 34.47  A
20190926130203  2019   9  26  13   2  3.32  737694.5430940   40.8561   28.2683  5.75  1.31  0.492  20190928071844 12.15  A
20190926130227  2019   9  26  13   2 26.72  737694.5433648   40.8745   28.2705  4.52  1.75  0.485  20190927153913 13.10  A
20190926130316  2019   9  26  13   3 16.42  737694.5439400   40.8833   28.2176  6.79  1.32  0.338  20190926180251 12.86  A
20190926130545  2019   9  26  13   5 45.17  737694.5456617   40.8806   28.2425  7.38  1.48  0.348  20190926200621 10.80  A
20190926130608  2019   9  26  13   6  7.80  737694.5459236   40.8737   28.3116  1.40  1.98  0.293  20190927041649  9.75  A
20190926130649  2019   9  26  13   6 49.08  737694.5464014   40.8685   28.2799  6.75  1.62  0.589  20190928222002 14.08  A
20190926130802  2019   9  26  13   8  2.37  737694.5472497   40.8797   28.2284  7.80  1.42  0.571  20190926190958 17.07  A
20190926130840  2019   9  26  13   8 39.88  737694.5476838   40.8817   28.2199  7.76  1.49  0.461  20190927033740 12.91  A
20190926130852  2019   9  26  13   8 52.02  737694.5478243   40.8818   28.2422  8.51  1.49  0.325  20190926200621 10.08  A
20190926131016  2019   9  26  13  10 16.22  737694.5487988   40.8779   28.2410  8.13  1.97  0.610  20190926125859 14.88  A
20190926131127  2019   9  26  13  11 27.18  737694.5496201   40.8758   28.2600  7.29  1.36  0.514  20190929051140 20.06  A
20190926131150  2019   9  26  13  11 50.47  737694.5498897   40.8774   28.3211  7.43  1.39  0.369  20190929191128 11.33  A
20190926131218  2019   9  26  13  12 17.71  737694.5502050   40.8789   28.2462  5.82  1.64  0.486  20190927030211 15.99  A
20190926131400  2019   9  26  13  14  0.32  737694.5513926   40.8632   28.2858  9.88  1.37  0.512  20190927173842 11.58  A
20190926131510  2019   9  26  13  15  9.83  737694.5521971   40.8652   28.2918  9.22  1.36  0.475  20190926162341 12.51  A
20190926131706  2019   9  26  13  17  5.89  737694.5535404   40.8626   28.2786  9.74  1.34  0.263  20190930063518 10.00  A
20190926131745  2019   9  26  13  17 44.77  737694.5539904   40.8726   28.3000  5.80  1.74  0.743  20190926182643 21.08  A
20190926131825  2019   9  26  13  18 25.21  737694.5544584   40.8773   28.2558  6.63  1.36  0.372  20190929235259 12.43  A
20190926131950  2019   9  26  13  19 50.12  737694.5554412   40.8753   28.2421  6.16  1.49  0.427  20190924130950 11.78  A
20190926132002  2019   9  26  13  20  1.67  737694.5555749   40.8494   28.2446  9.63  1.51  0.318  20190612113757 10.17  A
20190926132244  2019   9  26  13  22 43.62  737694.5574493   40.8695   28.2667  7.88  2.21  0.432  20190927071107 10.62  A
20190926132428  2019   9  26  13  24 28.00  737694.5586574   40.8779   28.3120  5.20  1.36  0.315  20190928084129 10.08  A
20190926132544  2019   9  26  13  25 43.59  737694.5595323   40.8720   28.2666  5.85  2.19  0.564  20190926120025 18.05  A
20190926132653  2019   9  26  13  26 52.82  737694.5603336   40.8573   28.2380  6.51  1.31  0.284  20190927082817  9.57  A
20190926132719  2019   9  26  13  27 18.52  737694.5606310   40.8827   28.2270  8.68  1.35  0.354  20190928142839 10.09  A
20190926132748  2019   9  26  13  27 47.59  737694.5609675   40.8661   28.2908  8.66  1.59  0.809  20190926161229 19.09  A
20190926132826  2019   9  26  13  28 25.96  737694.5614116   40.8384   28.3515  9.47  1.47  0.290  20191007013232 10.12  B
20190926132919  2019   9  26  13  29 19.06  737694.5620262   40.8740   28.3016  6.18  1.70  0.408  20190927071107 10.04  A
20190926132926  2019   9  26  13  29 25.67  737694.5621027   40.8764   28.2390  6.85  1.70  0.670  20190929034155 15.99  A
20190926133057  2019   9  26  13  30 56.74  737694.5631567   40.8840   28.2153  6.63  1.39  0.411  20190927023537 10.99  A
20190926133126  2019   9  26  13  31 25.60  737694.5634907   40.8705   28.3213  3.67  1.41  0.328  20190926170331  9.66  A
20190926133223  2019   9  26  13  32 22.59  737694.5641503   40.8645   28.2907  3.71  1.40  0.514  20190928003642 16.94  A
20190926133343  2019   9  26  13  33 43.00  737694.5650810   40.8801   28.2134  9.05  3.21  1.000  20190926133343 35.25  A
20190926133553  2019   9  26  13  35 52.74  737694.5665826   40.8774   28.2594  6.97  1.63  0.426  20191213050435 11.19  A
20190926133733  2019   9  26  13  37 33.33  737694.5677469   40.8849   28.2180  5.72  1.57  0.594  20190924081715 10.21  A
20190926133839  2019   9  26  13  38 39.11  737694.5685082   40.8848   28.2167  5.33  1.74  0.387  20190924082705 10.44  A
20190926133904  2019   9  26  13  39  4.43  737694.5688013   40.8634   28.2922  4.36  1.86  0.397  20190929131829 13.56  A
20190926133931  2019   9  26  13  39 31.18  737694.5691109   40.8778   28.2243  6.93  1.86  0.288  20190926120419 10.65  A
20190926134001  2019   9  26  13  40  1.18  737694.5694581   40.8708   28.2751  4.86  1.76  0.431  20190929235259 14.38  A
20190926134015  2019   9  26  13  40 15.30  737694.5696215   40.8771   28.3101  7.13  1.90  0.404  20191003154641 10.85  A
20190926134024  2019   9  26  13  40 24.16  737694.5697241   40.8700   28.3000  7.52  1.90  0.655  20190926180622 18.70  A
20190926134031  2019   9  26  13  40 31.06  737694.5698039   40.8652   28.2881 10.10  1.84  0.426  20190926161229 10.04  A
20190926134134  2019   9  26  13  41 34.38  737694.5705368   40.8809   28.2358  7.76  1.39  0.385  20190927010558 12.69  A
20190926134221  2019   9  26  13  42 21.22  737694.5710789   40.8909   28.2098  2.95  1.40  0.302  20190926182052 11.16  A
20190926134254  2019   9  26  13  42 53.73  737694.5714552   40.8723   28.2594  6.59  1.76  0.639  20190926173131 12.16  A
20190926134331  2019   9  26  13  43 31.00  737694.5718866   40.8913   28.2308  3.22  1.99  1.000  20190926134331 26.71  A
20190926134339  2019   9  26  13  43 38.99  737694.5719791   40.8763   28.2616  5.13  1.99  0.306  20190927010558 10.09  A
20190926134437  2019   9  26  13  44 37.00  737694.5726505   40.8700   28.2750  7.80  3.32  1.000  20190926134437 40.98  A
20190926134815  2019   9  26  13  48 14.52  737694.5751681   40.8791   28.2336  7.28  1.65  0.571  20190927033740 15.97  A
20190926134837  2019   9  26  13  48 36.50  737694.5754225   40.8734   28.2697  6.27  1.89  0.498  20190926164512  9.91  A
20190926134850  2019   9  26  13  48 49.89  737694.5755774   40.8886   28.2082  8.12  1.89  0.370  20190927023537  9.89  A
20190926134909  2019   9  26  13  49  8.88  737694.5757972   40.8707   28.2584  5.47  1.56  0.529  20190927103230 17.11  A
20190926134928  2019   9  26  13  49 28.36  737694.5760227   40.8747   28.2813  6.05  1.37  0.332  20190929235259 11.07  A
20190926135140  2019   9  26  13  51 40.41  737694.5775510   40.8786   28.2294  3.13  1.44  0.372  20190924150510 10.74  A
20190926135217  2019   9  26  13  52 16.66  737694.5779706   40.8841   28.2197  6.59  1.53  0.629  20190926224043 11.96  A
20190926135307  2019   9  26  13  53  7.18  737694.5785553   40.8867   28.2147  8.34  1.34  0.470  20190926115844 15.35  A
20190926135326  2019   9  26  13  53 26.33  737694.5787770   40.8825   28.2208  8.30  1.33  0.498  20190927230934 11.07  A
20190926135347  2019   9  26  13  53 47.18  737694.5790183   40.8740   28.2976  2.89  1.31  0.387  20190926115126 12.77  A
20190926135427  2019   9  26  13  54 27.23  737694.5794818   40.8679   28.2813  5.66  1.64  0.476  20190927103230 15.37  A
20190926135553  2019   9  26  13  55 52.58  737694.5804697   40.8651   28.2311 10.63  1.85  0.336  20190927041843 10.54  A
20190926135605  2019   9  26  13  56  4.86  737694.5806118   40.8792   28.2150  7.91  1.69  0.327  20190927041843 10.20  A
20190926135701  2019   9  26  13  57  1.00  737694.5812616   40.8804   28.2093  7.50  3.34  1.000  20190926135701 37.06  A
20190926135948  2019   9  26  13  59 48.19  737694.5831966   40.8743   28.2512  6.13  1.92  0.716  20190926210055 18.07  A
20190926140020  2019   9  26  14   0 20.33  737694.5835686   40.8801   28.2302  7.36  1.78  0.466  20190924150510 13.45  A
20190926140027  2019   9  26  14   0 26.65  737694.5836418   40.8822   28.2241  7.91  1.78  0.515  20190928013838 12.99  A
20190926140144  2019   9  26  14   1 43.64  737694.5845329   40.8806   28.2244  6.95  3.04  0.444  20190924073049 11.79  A
20190926140157  2019   9  26  14   1 57.00  737694.5846875   40.8895   28.2074  9.05  3.10  1.000  20190926140157 34.75  A
20190926140302  2019   9  26  14   3  2.23  737694.5854425   40.8681   28.2947  3.80  2.12  0.306  20190926111324 10.07  A
20190926140327  2019   9  26  14   3 26.81  737694.5857270   40.8817   28.2759  4.96  1.95  0.552  20190928014554 11.10  A
20190926140412  2019   9  26  14   4 12.42  737694.5862549   40.8659   28.2497  8.99  1.68  0.386  20190612113757 12.35  A
20190926140419  2019   9  26  14   4 19.30  737694.5863345   40.8637   28.3083  4.58  1.68  0.312  20190928051422 10.85  A
20190926140430  2019   9  26  14   4 30.32  737694.5864620   40.8580   28.2763  5.11  1.59  0.559  20190928071844 13.81  A
20190926140523  2019   9  26  14   5 22.94  737694.5870711   40.8813   28.2239  7.83  1.45  0.423  20190927023537 11.32  A
20190926140537  2019   9  26  14   5 37.07  737694.5872346   40.8685   28.2986  4.24  1.45  0.301  20190926214902  9.62  A
20190926140609  2019   9  26  14   6  8.69  737694.5876006   40.8713   28.3013  4.25  1.47  0.304  20190929235259 10.16  A
20190926140616  2019   9  26  14   6 15.93  737694.5876844   40.8642   28.2886  7.43  1.47  0.303  20190927103230  9.78  A
20190926140751  2019   9  26  14   7 51.00  737694.5887847   40.8750   28.2563  6.99  2.92  1.000  20190926140751 41.11  A
20190926141038  2019   9  26  14  10 38.00  737694.5907176   40.8750   28.2528  7.25  2.44  1.000  20190926141038 39.90  A
20190926141225  2019   9  26  14  12 25.16  737694.5919579   40.8704   28.2967  4.29  1.36  0.504  20190929235259 16.81  A
20190926141455  2019   9  26  14  14 55.27  737694.5936953   40.8730   28.2960  5.06  1.72  0.377  20190926114252  9.64  A
20190926141508  2019   9  26  14  15  7.50  737694.5938368   40.8904   28.2492  6.90  1.72  0.383  20190926150457 11.13  A
20190926141619  2019   9  26  14  16 19.11  737694.5946656   40.8757   28.2771  7.11  2.39  0.520  20191006215621 14.87  A
20190926141626  2019   9  26  14  16 25.83  737694.5947434   40.8794   28.2840  7.22  2.39  0.876  20190927173842 19.84  B
20190926141722  2019   9  26  14  17 22.47  737694.5953990   40.8809   28.2249  7.69  1.29  0.358  20190926191956  9.80  A
20190926141742  2019   9  26  14  17 42.37  737694.5956293   40.8698   28.2987  3.59  1.39  0.531  20190926214553 13.70  A
20190926141952  2019   9  26  14  19 52.28  737694.5971329   40.8649   28.2907  9.23  1.80  0.908  20190926162341 23.92  A
20190926142101  2019   9  26  14  21  0.50  737694.5979225   40.8814   28.2211  6.59  1.42  0.404  20190926180251 11.00  A
20190926142119  2019   9  26  14  21 18.55  737694.5981314   40.8710   28.3083  2.43  1.41  0.287  20190929055437 11.00  A
20190926142140  2019   9  26  14  21 40.45  737694.5983848   40.8734   28.2481  3.97  1.22  0.360  20190930014059 10.17  A
20190926142309  2019   9  26  14  23  9.17  737694.5994117   40.8755   28.2543  5.46  1.43  0.304  20190926152531 10.00  A
20190926142319  2019   9  26  14  23 18.66  737694.5995215   40.8807   28.2239  7.85  1.44  0.485  20190926180251 13.20  A
20190926142341  2019   9  26  14  23 40.86  737694.5997785   40.8722   28.3081  4.03  1.39  0.439  20190928084129 14.07  A
20190926142447  2019   9  26  14  24 47.18  737694.6005461   40.8756   28.3142  3.29  1.55  0.550  20190927103926 14.79  A
20190926142458  2019   9  26  14  24 57.76  737694.6006685   40.8694   28.2825  5.27  1.55  0.461  20190926122610 10.51  A
20190926142543  2019   9  26  14  25 42.71  737694.6011888   40.8737   28.3116  1.40  1.46  0.287  20190927041649  9.57  A
20190926142642  2019   9  26  14  26 41.53  737694.6018696   40.8831   28.2210  7.46  1.81  0.679  20190925153609 19.11  A
20190926142743  2019   9  26  14  27 42.66  737694.6025771   40.8632   28.2872  6.35  1.48  0.303  20190927103230  9.78  A
20190926142837  2019   9  26  14  28 36.97  737694.6032057   40.8851   28.2236  5.34  1.34  0.644  20190926224043 12.25  A
20190926142927  2019   9  26  14  29 26.52  737694.6037792   40.8678   28.2919  2.48  1.40  0.350  20190927042346  9.56  A
20190926143141  2019   9  26  14  31 41.43  737694.6053406   40.8819   28.2241  8.12  1.44  0.405  20190926180251 11.02  A
20190926143159  2019   9  26  14  31 59.40  737694.6055486   40.8843   28.2155  6.55  1.49  0.510  20190930035815 10.49  A
20190926143338  2019   9  26  14  33 38.37  737694.6066941   40.8756   28.2536  4.89  1.50  0.464  20190926152531 17.63  A
20190926143420  2019   9  26  14  34 20.43  737694.6071809   40.8782   28.2198  6.10  1.38  0.320  20190926235847 11.02  A
20190926143432  2019   9  26  14  34 32.38  737694.6073192   40.8814   28.2251  7.90  1.42  0.419  20190925153609 11.79  A
20190926143457  2019   9  26  14  34 56.62  737694.6075998   40.8794   28.2361  5.59  1.78  0.493  20190926210055 12.43  A
20190926143908  2019   9  26  14  39  8.25  737694.6105122   40.8839   28.2128  7.84  1.39  0.407  20190929063052 12.04  A
20190926144608  2019   9  26  14  46  8.11  737694.6153716   40.8821   28.2238  7.38  1.19  0.462  20190926133343 12.66  A
20190926144804  2019   9  26  14  48  4.00  737694.6167130   40.8633   28.2898  3.33  1.79  1.000  20190926144804 36.91  A
20190926144908  2019   9  26  14  49  7.75  737694.6174508   40.8699   28.3030  4.21  1.18  0.303  20190929235259 10.10  A
20190926145142  2019   9  26  14  51 42.34  737694.6192400   40.8638   28.2919  8.53  1.32  0.572  20190926162341 15.06  A
20190926145159  2019   9  26  14  51 59.48  737694.6194384   40.8756   28.3085  1.61  1.32  0.309  20190927224431 10.80  A
20190926145219  2019   9  26  14  52 19.00  737694.6196644   40.8814   28.2742  5.51  1.58  1.000  20190926145219 28.52  A
20190926145249  2019   9  26  14  52 49.28  737694.6200148   40.8654   28.2852 10.21  1.42  0.545  20190927224242 15.04  A
20190926145321  2019   9  26  14  53 20.56  737694.6203769   40.8742   28.2562  7.03  1.37  0.292  20190926125210  9.54  A
20190926145500  2019   9  26  14  55  0.46  737694.6215331   40.8790   28.2395  6.81  1.62  0.538  20190926125859 13.10  A
20190926145537  2019   9  26  14  55 36.68  737694.6219523   40.8830   28.2196  7.86  1.84  0.617  20190927023537 16.51  A
20190926145617  2019   9  26  14  56 16.76  737694.6224162   40.8564   28.2745 10.32  1.83  0.338  20190612113757 10.81  A
20190926145647  2019   9  26  14  56 46.93  737694.6227654   40.8821   28.2176  7.42  1.88  0.585  20190930023130 22.40  A
20190926145710  2019   9  26  14  57 10.36  737694.6230366   40.8660   28.3040  5.01  1.54  0.416  20190926164919 15.77  A
20190926145755  2019   9  26  14  57 54.68  737694.6235495   40.8715   28.2638  7.82  1.23  0.300  20190926153921 10.66  A
20190926150141  2019   9  26  15   1 40.97  737694.6261686   40.8854   28.2173  9.06  1.28  0.342  20190927033740  9.56  A
20190926150224  2019   9  26  15   2 24.39  737694.6266712   40.8829   28.2246  8.98  1.32  0.382  20190926191956 10.46  A
20190926150403  2019   9  26  15   4  2.81  737694.6278103   40.8631   28.2861  5.54  1.32  0.300  20190930063518 11.41  A
20190926150440  2019   9  26  15   4 40.14  737694.6282424   40.8629   28.2745  7.51  1.50  0.372  20190927093326 11.46  A
20190926150457  2019   9  26  15   4 57.00  737694.6284375   40.8953   28.2836  8.92  2.05  1.000  20190926150457 31.79  A
20190926150553  2019   9  26  15   5 52.94  737694.6290850   40.8729   28.3013  3.09  1.27  0.385  20190929235259 12.86  A
20190926150605  2019   9  26  15   6  5.24  737694.6292273   40.8745   28.3128  2.45  1.29  0.302  20190928084129  9.69  A
20190926150644  2019   9  26  15   6 44.00  737694.6296759   40.8738   28.2984  2.25  2.07  1.000  20190926150644 37.37  A
20190926150731  2019   9  26  15   7 31.09  737694.6302209   40.8825   28.2297  6.40  1.21  0.418  20190926203053 10.83  A
20190926151027  2019   9  26  15  10 26.59  737694.6322522   40.8674   28.2949  5.18  1.52  0.440  20190929235259 14.68  A
20190926151040  2019   9  26  15  10 39.67  737694.6324036   40.8657   28.2587  4.65  1.52  0.290  20190926120916 11.35  A
20190926151310  2019   9  26  15  13 10.00  737694.6341435   40.8817   28.2570  1.86  2.08  1.000  20190926151310 30.97  A
20190926151400  2019   9  26  15  14  0.38  737694.6347266   40.8815   28.2241  7.61  1.54  0.688  20190926191956 18.85  A
20190926151434  2019   9  26  15  14 34.17  737694.6351177   40.8833   28.2303  7.26  1.24  0.422  20190926112254 11.26  A
20190926151506  2019   9  26  15  15  5.57  737694.6354811   40.8798   28.2339  7.49  1.33  0.401  20190926112254 10.68  A
20190926151529  2019   9  26  15  15 28.99  737694.6357522   40.8840   28.2250 14.37  1.35  0.424  20190929214015 12.65  A
20190926151745  2019   9  26  15  17 44.66  737694.6373225   40.8705   28.2446  3.92  1.23  0.337  20190924102308  9.98  A
20190926151822  2019   9  26  15  18 22.00  737694.6377546   40.8688   28.2976  1.96  2.00  1.000  20190926151822 40.48  A
20190926151921  2019   9  26  15  19 21.15  737694.6384392   40.8777   28.2401  5.99  1.41  0.496  20190925102453 11.68  A
20190926152129  2019   9  26  15  21 28.69  737694.6399154   40.8638   28.2884  9.38  1.42  0.521  20190927173842 11.80  A
20190926152300  2019   9  26  15  23  0.26  737694.6409752   40.8837   28.2205  8.30  1.89  0.580  20190926164512 11.54  A
20190926152435  2019   9  26  15  24 34.79  737694.6420693   40.8724   28.2829  4.24  1.72  0.370  20190926214902 11.82  A
20190926152530  2019   9  26  15  25 29.55  737694.6427031   40.8586   28.2733  8.47  2.14  0.425  20190612113757 13.62  A
20190926152622  2019   9  26  15  26 21.60  737694.6433056   40.8630   28.2888 10.00  1.51  0.608  20190927173842 13.75  A
20190926152646  2019   9  26  15  26 46.11  737694.6435892   40.8880   28.3219  3.94  1.40  0.309  20190926163525  9.87  A
20190926152805  2019   9  26  15  28  5.25  737694.6445052   40.8606   28.2664  5.93  1.76  0.717  20190927234124 14.54  A
20190926153115  2019   9  26  15  31 15.00  737694.6467014   40.8767   28.3111  1.47  1.86  1.000  20190926153115 23.50  A
20190926153432  2019   9  26  15  34 32.43  737694.6489865   40.8821   28.3144  3.33  1.77  0.312  20190926163525  9.95  A
20190926153738  2019   9  26  15  37 37.51  737694.6511286   40.8909   28.2098  2.95  1.63  0.263  20190926182052  9.71  A
20190926153853  2019   9  26  15  38 53.00  737694.6520023   40.8557   28.2737  6.16  1.70  1.000  20190926153853 23.25  A
20190926153921  2019   9  26  15  39 21.00  737694.6523264   40.8560   28.2624 10.79  3.30  1.000  20190926153921 35.46  A
20190926154141  2019   9  26  15  41 40.67  737694.6539429   40.8683   28.2814  5.72  1.47  0.540  20190926112846 13.78  A
20190926154328  2019   9  26  15  43 27.77  737694.6551825   40.8821   28.2363  4.59  1.21  0.275  20190926112254 10.28  A
20190926154341  2019   9  26  15  43 40.82  737694.6553336   40.8665   28.2977  3.27  1.23  0.302  20190929131829 10.31  A
20190926154444  2019   9  26  15  44 43.69  737694.6560612   40.8713   28.3088  2.76  1.20  0.404  20191001153405 12.43  A
20190926154536  2019   9  26  15  45 36.08  737694.6566676   40.8788   28.2494  6.05  1.49  0.545  20190927010558 17.96  A
20190926154623  2019   9  26  15  46 23.13  737694.6572122   40.8800   28.2300  7.77  1.53  0.365  20190924130950 10.08  A
20190926154820  2019   9  26  15  48 19.70  737694.6585613   40.8814   28.2742  5.51  1.18  0.434  20191213050435 11.39  A
20190926154844  2019   9  26  15  48 43.54  737694.6588373   40.8876   28.2162  8.86  1.52  0.639  20190926134331 17.05  A
20190926154923  2019   9  26  15  49 22.81  737694.6592918   40.8768   28.2511  4.49  1.29  0.430  20190927030211 14.16  A
20190926154952  2019   9  26  15  49 51.83  737694.6596277   40.8818   28.2270  7.35  1.33  0.494  20190926112254 13.17  A
20190926155030  2019   9  26  15  50 30.16  737694.6600713   40.8899   28.2364  7.14  2.20  0.378  20190927005344  9.59  B
20190926155038  2019   9  26  15  50 37.93  737694.6601612   40.8704   28.2927  3.95  2.20  0.337  20190926141038 10.66  A
20190926155054  2019   9  26  15  50 53.88  737694.6603458   40.8753   28.2724  5.09  2.16  0.329  20190930152451  9.71  A
20190926155219  2019   9  26  15  52 18.57  737694.6613260   40.8870   28.2712  8.34  2.21  0.553  20190927042346 15.13  B
20190926155227  2019   9  26  15  52 26.59  737694.6614189   40.8750   28.2563  6.99  2.21  0.291  20190926140751  9.87  A
20190926155522  2019   9  26  15  55 22.31  737694.6634527   40.8756   28.3085  1.61  1.13  0.295  20190927224431 10.30  A
20190926155533  2019   9  26  15  55 32.78  737694.6635738   40.8924   28.3106  5.70  1.12  0.302  20191007173427 11.70  A
20190926155658  2019   9  26  15  56 57.59  737694.6645554   40.8851   28.2195  7.75  1.27  0.459  20190926134331 12.26  A
20190926160140  2019   9  26  16   1 39.76  737694.6678213   40.8784   28.3212  7.96  1.50  0.448  20191005065248 13.93  A
20190926160308  2019   9  26  16   3  8.46  737694.6688479   40.8668   28.2574  5.52  1.63  0.444  20190929075821 12.75  A
20190926160352  2019   9  26  16   3 52.30  737694.6693553   40.8834   28.2197  8.14  1.66  0.650  20190926140157 15.71  A
20190926160453  2019   9  26  16   4 52.55  737694.6700527   40.8836   28.2210  7.64  1.56  0.522  20190927033740 14.60  A
20190926160530  2019   9  26  16   5 30.15  737694.6704878   40.8684   28.2917 10.30  1.27  0.385  20191003154641 10.34  A
20190926160655  2019   9  26  16   6 54.64  737694.6714657   40.8702   28.2546  6.40  1.11  0.359  20191001043249 11.27  A
20190926161053  2019   9  26  16  10 52.52  737694.6742190   40.8819   28.2203  7.90  1.65  0.504  20190926235847 17.37  A
20190926161104  2019   9  26  16  11  3.53  737694.6743464   40.8673   28.2760  5.28  1.65  0.738  20190929024651 19.12  A
20190926161229  2019   9  26  16  12 28.73  737694.6753325   40.8710   28.2947  5.60  1.79  0.808  20190927030524 25.56  A
20190926161256  2019   9  26  16  12 56.15  737694.6756499   40.8772   28.2880  4.84  1.57  0.298  20190926163525  9.50  A
20190926161541  2019   9  26  16  15 41.14  737694.6775595   40.8809   28.2281  7.62  1.09  0.394  20190928142839 11.22  A
20190926161614  2019   9  26  16  16 14.35  737694.6779439   40.8637   28.2765  7.21  1.13  0.606  20190928222002 14.50  A
20190926161647  2019   9  26  16  16 47.43  737694.6783267   40.8737   28.2463  6.37  1.04  0.311  20190927144148 10.34  A
20190926161720  2019   9  26  16  17 20.35  737694.6787078   40.8666   28.2982  8.39  1.42  0.539  20190927103926 20.25  A
20190926161731  2019   9  26  16  17 31.47  737694.6788365   40.8719   28.2857  4.81  1.42  0.569  20190930063518 21.61  A
20190926161816  2019   9  26  16  18 15.69  737694.6793483   40.8669   28.2859  3.74  1.22  0.481  20190927042346 13.16  A
20190926162254  2019   9  26  16  22 53.87  737694.6825679   40.8714   28.2837  5.28  1.69  0.449  20190927064555 13.77  A
20190926162341  2019   9  26  16  23 41.00  737694.6831134   40.8574   28.2821 15.17  2.01  1.000  20190926162341 26.35  A
20190926162437  2019   9  26  16  24 36.63  737694.6837573   40.8909   28.2098  2.95  1.54  0.264  20190926182052  9.77  A
20190926162455  2019   9  26  16  24 55.06  737694.6839706   40.8704   28.2612  6.74  1.59  0.541  20190926111954 12.77  A
20190926162616  2019   9  26  16  26 16.00  737694.6849074   40.8673   28.2960  1.56  2.03  1.000  20190926162616 32.18  A
20190926162907  2019   9  26  16  29  6.61  737694.6868821   40.8812   28.2166  9.17  1.13  0.377  20190926214218 10.38  A
20190926163213  2019   9  26  16  32 12.61  737694.6890348   40.8799   28.2191  7.74  1.16  0.492  20190926235847 16.94  A
20190926163241  2019   9  26  16  32 40.62  737694.6893590   40.8692   28.2885  4.13  1.46  0.614  20190926214553 15.82  A
20190926163525  2019   9  26  16  35 25.00  737694.6912616   40.8880   28.3219  3.94  2.97  1.000  20190926163525 39.46  A
20190926163735  2019   9  26  16  37 35.24  737694.6927690   40.8657   28.2809  5.12  1.44  0.484  20190929012753 13.01  A
20190926163826  2019   9  26  16  38 25.82  737694.6933544   40.8825   28.2203  7.47  1.21  0.378  20190927023537 10.12  A
20190926163850  2019   9  26  16  38 50.21  737694.6936367   40.8753   28.2453  5.27  1.12  0.521  20190926152531 17.12  A
20190926163952  2019   9  26  16  39 52.24  737694.6943546   40.8597   28.2745  4.14  1.04  0.584  20190928071844 14.43  A
20190926164028  2019   9  26  16  40 27.75  737694.6947656   40.8756   28.3085  1.61  1.09  0.277  20190927224431  9.68  A
20190926164053  2019   9  26  16  40 53.19  737694.6950601   40.8682   28.2600  7.29  1.33  0.643  20190926173131 12.23  A
20190926164341  2019   9  26  16  43 41.12  737694.6970037   40.8813   28.2207  6.94  1.14  0.419  20190926115346 12.33  A
20190926164512  2019   9  26  16  45 12.00  737694.6980556   40.8870   28.2214  9.52  1.60  1.000  20190926164512 19.90  A
20190926164607  2019   9  26  16  46  7.22  737694.6986947   40.8779   28.2609  6.84  1.19  0.472  20191005042312 14.56  A
20190926164823  2019   9  26  16  48 23.33  737694.7002700   40.8814   28.2266  7.82  1.31  0.497  20190926112254 13.25  A
20190926164900  2019   9  26  16  49  0.45  737694.7006997   40.8630   28.2690  7.27  2.02  0.571  20190929024651 14.70  A
20190926164919  2019   9  26  16  49 18.90  737694.7009132   40.8720   28.2931  5.48  2.10  0.535  20190927042346 14.63  A
20190926165010  2019   9  26  16  50 10.42  737694.7015095   40.8690   28.2841  5.17  1.51  0.482  20190929012753 12.94  A
20190926165107  2019   9  26  16  51  6.56  737694.7021593   40.8729   28.2401  6.78  1.53  0.464  20190926210055 11.71  A
20190926165158  2019   9  26  16  51 57.89  737694.7027534   40.8619   28.2894  8.94  1.66  0.769  20190926183953 21.54  A
20190926165442  2019   9  26  16  54 42.32  737694.7046565   40.8661   28.3041  6.01  1.16  0.321  20190926164919 12.19  A
20190926165649  2019   9  26  16  56 49.44  737694.7061278   40.8784   28.2308  2.13  1.17  0.302  20190924150510 12.25  A
20190926165957  2019   9  26  16  59 57.40  737694.7083032   40.8759   28.2547  4.63  1.15  0.415  20190927030211 13.64  A
20190926170049  2019   9  26  17   0 48.59  737694.7088957   40.8835   28.2228  7.15  1.85  0.795  20190926203053 20.96  A
20190926170102  2019   9  26  17   1  1.65  737694.7090469   40.8745   28.2582  6.15  1.85  0.272  20190926140751 11.17  A
20190926170147  2019   9  26  17   1 47.36  737694.7095759   40.8716   28.2584  6.85  1.42  0.656  20190926173131 12.49  A
20190926170316  2019   9  26  17   3 16.16  737694.7106037   40.8753   28.2612  6.55  2.29  0.445  20191005042312 13.71  A
20190926170331  2019   9  26  17   3 31.00  737694.7107755   40.8705   28.3213  3.67  2.31  1.000  20190926170331 38.04  A
20190926171259  2019   9  26  17  12 59.38  737694.7173539   40.8808   28.2240  6.69  1.20  0.338  20190928184906 11.03  A
20190926171633  2019   9  26  17  16 33.02  737694.7198266   40.8811   28.2233  7.45  1.39  0.531  20190930023130 15.06  A
20190926171647  2019   9  26  17  16 47.18  737694.7199905   40.8716   28.3042  4.99  1.39  0.435  20190928084129 13.95  A
20190926171711  2019   9  26  17  17 11.01  737694.7202663   40.8719   28.3041  3.08  1.13  0.315  20190927030524 13.89  A
20190926171822  2019   9  26  17  18 22.21  737694.7210904   40.8699   28.2700  4.66  1.17  0.396  20191006215503 13.62  A
20190926172149  2019   9  26  17  21 49.27  737694.7234869   40.8629   28.2878  9.87  1.24  0.623  20190927173842 14.10  A
20190926172217  2019   9  26  17  22 16.63  737694.7238036   40.8758   28.3209  6.67  1.13  0.339  20190926170331 12.89  A
20190926172328  2019   9  26  17  23 27.60  737694.7246250   40.8718   28.2546  7.04  1.47  0.659  20190926173131 12.54  A
20190926172630  2019   9  26  17  26 30.35  737694.7267402   40.8662   28.2780  6.63  1.51  0.728  20190926153115 17.10  A
20190926173131  2019   9  26  17  31 30.83  737694.7302179   40.8751   28.2528  5.87  1.56  0.471  20190927030211 15.50  A
20190926173429  2019   9  26  17  34 29.09  737694.7322811   40.8812   28.2251  7.10  1.14  0.413  20190926180251 11.24  A
20190926173620  2019   9  26  17  36 19.96  737694.7335644   40.8767   28.2425  6.28  1.74  0.426  20190926120419 11.90  A
20190926173800  2019   9  26  17  38  0.12  737694.7347236   40.8574   28.2821 15.17  1.07  0.391  20190926162341 10.29  A
20190926174001  2019   9  26  17  40  0.51  737694.7361170   40.8636   28.2895 10.15  1.11  0.654  20191003154641 17.58  A
20190926174053  2019   9  26  17  40 52.55  737694.7367193   40.8761   28.2476  6.02  1.08  0.418  20190927144148 13.86  A
20190926174126  2019   9  26  17  41 25.51  737694.7371008   40.8814   28.2226  7.13  1.43  0.591  20190926133343 16.20  A
20190926174158  2019   9  26  17  41 58.34  737694.7374808   40.8813   28.2247  7.65  1.29  0.610  20190926180251 16.61  A
20190926174243  2019   9  26  17  42 43.37  737694.7380020   40.8815   28.2236  7.59  1.21  0.540  20190926180251 14.71  A
20190926174415  2019   9  26  17  44 14.68  737694.7390588   40.8613   28.2704  6.03  1.17  0.368  20190930022601 10.88  A
20190926174524  2019   9  26  17  45 23.59  737694.7398564   40.8648   28.2899  9.49  1.07  0.497  20191003154641 13.37  A
20190926174847  2019   9  26  17  48 46.83  737694.7422087   40.8741   28.2561  7.03  1.11  0.317  20190926140751 10.74  A
20190926175254  2019   9  26  17  52 53.74  737694.7450664   40.8672   28.2981  5.51  1.37  0.313  20190927103230 10.10  A
20190926175344  2019   9  26  17  53 43.83  737694.7456462   40.8737   28.3024  5.11  1.57  0.302  20190929235259 10.06  A
20190926175410  2019   9  26  17  54 10.09  737694.7459501   40.8792   28.2505  4.74  1.81  0.595  20190926224043 11.32  A
20190926175442  2019   9  26  17  54 42.30  737694.7463229   40.8732   28.3026  2.15  1.50  0.304  20190926115126 10.04  A
20190926175848  2019   9  26  17  58 48.00  737694.7491667   40.8897   28.2228  6.00  2.17  1.000  20190926175848 29.49  A
20190926175920  2019   9  26  17  59 20.00  737694.7495370   40.8693   28.3084  4.90  2.25  1.000  20190926175920 36.51  A
20190926180030  2019   9  26  18   0 30.26  737694.7503502   40.8790   28.2609  6.35  1.28  0.399  20190926200621 17.22  A
20190926180054  2019   9  26  18   0 54.22  737694.7506275   40.8737   28.3024  5.11  1.18  0.304  20190929235259 10.13  A
20190926180251  2019   9  26  18   2 51.00  737694.7519792   40.9042   28.2580 13.67  2.19  1.000  20190926180251 28.54  B
20190926180424  2019   9  26  18   4 23.62  737694.7530512   40.8653   28.2923  8.94  1.19  0.625  20190929235259 21.19  A
20190926180441  2019   9  26  18   4 40.61  737694.7532478   40.8727   28.2871  4.03  1.18  0.395  20190926111134  9.54  A
20190926180542  2019   9  26  18   5 42.24  737694.7539611   40.8609   28.2876  5.11  1.15  0.412  20190929131829 14.08  A
20190926180622  2019   9  26  18   6 22.00  737694.7544213   40.8649   28.2960  4.73  1.74  1.000  20190926180622 28.57  A
20190926180753  2019   9  26  18   7 53.15  737694.7554763   40.8628   28.2887  8.68  1.44  0.651  20190929131829 22.22  A
20190926180833  2019   9  26  18   8 33.12  737694.7559389   40.8703   28.2764  8.09  1.14  0.354  20191007162450 13.98  A
20190926180845  2019   9  26  18   8 45.42  737694.7560813   40.8724   28.3029  4.05  1.11  0.327  20190929235259 10.92  A
20190926181129  2019   9  26  18  11 29.30  737694.7579780   40.8726   28.2487  6.28  1.41  0.546  20190927235806 12.85  A
20190926181847  2019   9  26  18  18 46.92  737694.7630431   40.8710   28.2995  4.90  1.35  0.604  20191001153405 18.59  A
20190926181956  2019   9  26  18  19 56.49  737694.7638483   40.8564   28.2698  6.11  1.26  0.485  20190928071844 11.98  A
20190926182006  2019   9  26  18  20  5.80  737694.7639560   40.8813   28.2193  7.83  1.26  0.422  20190926133343 11.57  A
20190926182047  2019   9  26  18  20 46.76  737694.7644301   40.8692   28.2654  6.33  2.59  0.294  20190926125210  9.62  A
20190926182052  2019   9  26  18  20 52.00  737694.7644907   40.8909   28.2098  2.95  2.59  1.000  20190926182052 44.80  A
20190926182136  2019   9  26  18  21 35.85  737694.7649983   40.8642   28.2886  7.43  1.52  0.290  20190927103230 10.67  A
20190926182214  2019   9  26  18  22 14.21  737694.7654422   40.8755   28.2510  5.60  1.93  0.499  20190927235806 11.73  A
20190926182227  2019   9  26  18  22 26.97  737694.7655899   40.8667   28.2770  5.52  1.93  0.499  20190929012753 13.39  A
20190926182436  2019   9  26  18  24 36.24  737694.7670861   40.8709   28.3006  4.01  1.27  0.506  20191001015612 15.53  A
20190926182556  2019   9  26  18  25 56.32  737694.7680130   40.8865   28.2025  9.78  1.01  0.290  20190928005925 10.51  A
20190926182643  2019   9  26  18  26 43.00  737694.7685532   40.8662   28.3040  5.62  2.22  1.000  20190926182643 35.32  A
20190926182843  2019   9  26  18  28 43.42  737694.7699470   40.8830   28.2212  7.57  1.24  0.714  20190928220932 23.07  A
20190926183053  2019   9  26  18  30 53.02  737694.7714470   40.8767   28.2532  7.09  1.32  0.400  20190928223705 14.08  B
20190926183150  2019   9  26  18  31 49.78  737694.7721039   40.8514   28.2522 13.59  1.18  0.284  20191012181619 10.45  A
20190926183817  2019   9  26  18  38 17.22  737694.7765882   40.8695   28.2547  5.90  1.37  0.541  20190926151310 16.75  A
20190926183824  2019   9  26  18  38 23.52  737694.7766611   40.8737   28.2463  6.37  1.37  0.303  20190927144148 10.05  A
20190926183851  2019   9  26  18  38 50.73  737694.7769760   40.8821   28.2242  7.70  1.41  0.560  20190926190958 16.74  A
20190926183953  2019   9  26  18  39 53.00  737694.7776968   40.8631   28.3039  3.29  1.61  1.000  20190926183953 27.99  A
20190926184128  2019   9  26  18  41 28.47  737694.7788017   40.8651   28.2787  9.15  1.46  0.818  20190926153115 19.22  A
20190926184214  2019   9  26  18  42 13.97  737694.7793284   40.8809   28.3122  4.52  1.41  0.290  20190929235259  9.68  A
20190926184353  2019   9  26  18  43 52.80  737694.7804722   40.8661   28.2969  4.40  1.15  0.328  20190930063518 12.45  A
20190926184523  2019   9  26  18  45 22.74  737694.7815132   40.8831   28.2214  7.78  1.34  0.795  20190926183851 13.85  A
20190926184617  2019   9  26  18  46 17.16  737694.7821431   40.8816   28.2268  7.69  1.43  0.676  20190926120419 18.88  A
20190926184750  2019   9  26  18  47 49.93  737694.7832168   40.8621   28.2843  5.13  1.15  0.485  20190929012753 13.02  A
20190926185037  2019   9  26  18  50 37.19  737694.7851527   40.8742   28.2987  5.06  1.55  0.431  20190926182643 12.25  A
20190926185838  2019   9  26  18  58 37.71  737694.7907142   40.8856   28.2029  9.57  1.37  0.330  20190926152301 11.39  A
20190926185843  2019   9  26  18  58 42.72  737694.7907722   40.8781   28.2413  4.71  1.37  0.406  20190926210055 10.25  A
20190926190033  2019   9  26  19   0 33.37  737694.7920529   40.8746   28.2805  3.63  1.14  0.292  20190930092837 10.04  A
20190926190127  2019   9  26  19   1 26.52  737694.7926681   40.8604   28.2782  4.79  1.16  0.249  20191014084143 10.19  A
20190926190252  2019   9  26  19   2 51.65  737694.7936534   40.8727   28.2958  5.47  1.35  0.699  20190926151822 25.14  A
20190926190411  2019   9  26  19   4 10.86  737694.7945701   40.8705   28.2446  3.92  1.18  0.330  20190924102308  9.78  A
20190926190739  2019   9  26  19   7 39.24  737694.7969819   40.8880   28.3219  3.94  1.07  0.339  20190926163525 10.81  A
20190926190958  2019   9  26  19   9 58.00  737694.7985880   40.8809   28.2217  7.33  2.42  1.000  20190926190958 41.10  A
20190926191814  2019   9  26  19  18 14.11  737694.8043300   40.8650   28.2875  5.45  1.21  0.552  20190930063518 20.99  A
20190926191956  2019   9  26  19  19 56.00  737694.8055093   40.8809   28.2249  7.69  2.33  1.000  20190926191956 36.68  A
20190926192017  2019   9  26  19  20 16.80  737694.8057500   40.8820   28.2267  7.20  2.09  0.694  20190926112254 18.50  A
20190926192037  2019   9  26  19  20 37.47  737694.8059892   40.8834   28.2229  6.71  1.86  0.780  20190926113546 25.84  A
20190926192410  2019   9  26  19  24  9.95  737694.8084485   40.8623   28.3007  4.42  1.33  0.751  20190926222836 21.29  A
20190926192541  2019   9  26  19  25 41.37  737694.8095066   40.8762   28.2297  7.49  1.26  0.574  20190929034155 13.68  A
20190926192658  2019   9  26  19  26 58.46  737694.8103988   40.8622   28.2932  4.71  1.07  0.323  20190926220217 10.12  A
20190926192901  2019   9  26  19  29  0.98  737694.8118169   40.8587   28.2746  5.96  1.06  0.427  20190928071844 10.56  A
20190926193049  2019   9  26  19  30 48.89  737694.8130659   40.8807   28.2338  6.98  1.36  0.594  20190926224043 11.30  A
20190926193247  2019   9  26  19  32 46.84  737694.8144310   40.8801   28.2302  4.32  1.19  0.368  20190927144643 12.22  A
20190926193514  2019   9  26  19  35 13.84  737694.8161324   40.8798   28.2201  7.64  1.36  0.439  20190926235847 15.11  A
20190926193759  2019   9  26  19  37 58.54  737694.8180387   40.8682   28.2855  4.90  1.68  0.521  20190929012753 14.00  A
20190926194201  2019   9  26  19  42  0.89  737694.8208436   40.8785   28.2170  4.64  1.19  0.422  20190928013838 13.92  A
20190926194319  2019   9  26  19  43 18.57  737694.8217427   40.8718   28.3105  2.59  1.43  0.486  20191001153405 14.94  A
20190926194348  2019   9  26  19  43 48.00  737694.8220833   40.8699   28.2925  6.77  2.13  1.000  20190926194348 34.19  A
20190926194536  2019   9  26  19  45 35.58  737694.8233285   40.8845   28.2201  7.19  2.01  0.520  20190926115844 17.40  A
20190926194545  2019   9  26  19  45 45.00  737694.8234375   40.8840   28.2261  6.38  2.01  1.000  20190926194545 34.54  A
20190926194737  2019   9  26  19  47 36.58  737694.8247289   40.8832   28.2221  7.63  1.03  0.389  20190926203053 10.25  A
20190926195018  2019   9  26  19  50 17.60  737694.8265926   40.8656   28.2799  6.86  1.18  0.609  20190928222002 14.57  A
20190926195050  2019   9  26  19  50 49.73  737694.8269645   40.8689   28.2668  5.56  1.43  0.373  20190926214553  9.61  A
20190926195104  2019   9  26  19  51  4.00  737694.8271296   40.8702   28.2774  7.19  1.48  1.000  20190926195104 18.43  A
20190926195533  2019   9  26  19  55 32.90  737694.8302419   40.8821   28.2318  6.41  1.44  0.753  20190926224043 14.32  A
20190926195605  2019   9  26  19  56  4.79  737694.8306110   40.8821   28.2258  7.32  1.56  0.600  20190926112254 16.00  A
20190926195951  2019   9  26  19  59 51.25  737694.8332321   40.8652   28.2824  8.98  1.61  0.785  20190926153115 18.44  A
20190926200004  2019   9  26  20   0  4.10  737694.8333808   40.8747   28.2500  5.69  1.61  0.293  20190927144148 11.80  A
20190926200240  2019   9  26  20   2 40.00  737694.8351852   40.8731   28.3061  6.79  3.82  1.000  20190926200240 33.71  A
20190926200428  2019   9  26  20   4 28.00  737694.8364352   40.8699   28.3115  2.23  2.07  0.319  20191001153405  9.82  A
20190926200451  2019   9  26  20   4 50.65  737694.8366973   40.8660   28.2835  5.46  1.86  0.443  20190930063518 16.82  A
20190926200621  2019   9  26  20   6 21.00  737694.8377431   40.8818   28.2422  8.51  2.44  1.000  20190926200621 43.14  A
20190926200658  2019   9  26  20   6 58.25  737694.8381742   40.8696   28.2795  5.25  1.62  0.325  20190928231808 10.38  A
20190926200753  2019   9  26  20   7 53.05  737694.8388084   40.8817   28.2251  7.68  1.48  0.642  20190926112254 17.12  A
20190926200860  2019   9  26  20   8 59.76  737694.8395806   40.8805   28.2246  7.31  1.12  0.301  20190926115346 11.74  A
20190926201013  2019   9  26  20  10 12.89  737694.8404270   40.8717   28.2901  4.75  1.19  0.436  20190929235259 14.53  A
20190926201148  2019   9  26  20  11 47.88  737694.8415264   40.8809   28.2263  7.64  1.38  0.697  20190926191956 19.09  A
20190926201301  2019   9  26  20  13  0.85  737694.8423709   40.8856   28.2168  5.80  1.39  0.426  20190929155318 13.72  A
20190926201520  2019   9  26  20  15 19.66  737694.8439775   40.8866   28.2137  9.68  1.70  0.714  20191002110229 16.42  A
20190926201735  2019   9  26  20  17 34.73  737694.8455409   40.8820   28.2247  8.03  1.42  0.681  20190928055714 18.03  A
20190926202018  2019   9  26  20  20 18.00  737694.8474306   40.8715   28.2481  6.79  3.89  1.000  20190926202018 29.47  A
20190926202422  2019   9  26  20  24 22.44  737694.8502597   40.8721   28.3062  4.02  1.50  0.325  20191001015612  9.98  A
20190926202554  2019   9  26  20  25 53.64  737694.8513153   40.8669   28.2934  6.19  1.40  0.379  20190927103230 12.26  A
20190926202621  2019   9  26  20  26 20.95  737694.8516314   40.8681   28.2648  5.48  1.60  0.755  20190929022157 21.68  A
20190926202734  2019   9  26  20  27 33.94  737694.8524762   40.8749   28.3107  1.94  1.10  0.310  20190927041649 10.33  A
20190926202745  2019   9  26  20  27 44.62  737694.8525998   40.8706   28.3016  2.54  1.13  0.269  20190926214553 10.53  A
20190926202846  2019   9  26  20  28 45.84  737694.8533083   40.8624   28.2886 10.18  1.20  0.382  20190926162341 10.06  A
20190926202907  2019   9  26  20  29  6.50  737694.8535475   40.8826   28.2257  7.62  1.20  0.406  20190927033740 11.36  A
20190926203023  2019   9  26  20  30 23.18  737694.8544350   40.8812   28.2246  7.43  1.63  0.479  20190930023130 13.58  A
20190926203053  2019   9  26  20  30 53.00  737694.8547801   40.8832   28.2221  7.63  2.16  1.000  20190926203053 26.36  A
20190926203204  2019   9  26  20  32  3.89  737694.8556006   40.8951   28.3095  7.56  1.15  0.348  20191007050013 12.78  A
20190926203451  2019   9  26  20  34 50.59  737694.8575300   40.8651   28.2562  4.96  1.18  0.354  20190927002737 10.32  A
20190926203621  2019   9  26  20  36 20.86  737694.8585748   40.8775   28.2456  6.19  1.46  0.590  20190927235806 13.88  A
20190926204052  2019   9  26  20  40 52.32  737694.8617167   40.8638   28.2868  6.80  1.22  0.542  20190929211911 12.00  A
20190926204619  2019   9  26  20  46 18.93  737694.8654969   40.8719   28.2960  5.40  1.92  0.892  20191001015612 27.37  A
20190926204757  2019   9  26  20  47 56.98  737694.8666317   40.8663   28.2805  6.58  1.20  0.443  20190928222002 10.59  A
20190926205712  2019   9  26  20  57 12.18  737694.8730576   40.8699   28.2922  5.93  1.59  0.532  20190927111346 12.89  A
20190926205841  2019   9  26  20  58 41.33  737694.8740895   40.8743   28.2961  5.98  1.59  0.578  20190926150457 16.81  A
20190926205931  2019   9  26  20  59 30.97  737694.8746640   40.8663   28.2573  6.41  1.26  0.302  20190929075821 10.29  A
20190926205941  2019   9  26  20  59 41.40  737694.8747847   40.8802   28.2310  7.82  1.26  0.390  20190926112254 10.39  A
20190926210055  2019   9  26  21   0 55.00  737694.8756366   40.8790   28.2419  5.27  1.90  1.000  20190926210055 25.22  A
20190926210431  2019   9  26  21   4 31.37  737694.8781409   40.8880   28.3219  3.94  1.21  0.367  20190926163525 11.71  A
20190926211115  2019   9  26  21  11 15.00  737694.8828125   40.8909   28.2098  2.95  1.15  0.423  20190926182052 15.63  A
20190926211155  2019   9  26  21  11 55.38  737694.8832799   40.8732   28.3101  2.62  1.39  0.386  20190927041649 12.86  A
20190926211452  2019   9  26  21  14 52.47  737694.8853295   40.8633   28.2898  3.33  1.12  0.292  20190926144804 10.79  A
20190926211853  2019   9  26  21  18 53.42  737694.8881183   40.8846   28.2207  6.42  1.31  0.531  20190926224043 10.10  A
20190926211928  2019   9  26  21  19 27.74  737694.8885155   40.8743   28.2583  6.09  1.25  0.284  20190926125210 11.43  A
20190926212014  2019   9  26  21  20 14.37  737694.8890552   40.8730   28.2348  7.13  1.34  0.351  20190928142839 10.01  A
20190926212059  2019   9  26  21  20 59.42  737694.8895766   40.8658   28.2924  9.06  1.42  0.583  20190926161229 13.74  A
20190926212156  2019   9  26  21  21 56.18  737694.8902336   40.8651   28.2962  7.34  1.62  0.662  20190927061829 16.35  A
20190926212254  2019   9  26  21  22 53.84  737694.8909009   40.8691   28.2900  3.09  1.51  0.463  20190927153913 12.51  A
20190926212344  2019   9  26  21  23 44.34  737694.8914854   40.8823   28.2740  7.66  1.96  0.394  20190927042346 10.78  B
20190926212924  2019   9  26  21  29 23.82  737694.8954146   40.8836   28.2192  7.83  1.54  0.449  20190928010822 12.11  A
20190926213017  2019   9  26  21  30 17.26  737694.8960331   40.8622   28.2872  5.63  1.14  0.449  20190929012753 12.06  A
20190926213211  2019   9  26  21  32 10.55  737694.8973443   40.8858   28.2168  8.65  1.17  0.439  20190929171047 10.28  A
20190926213254  2019   9  26  21  32 53.68  737694.8978435   40.8659   28.2897  8.99  1.31  0.613  20190926153115 14.40  A
20190926213446  2019   9  26  21  34 46.15  737694.8991453   40.8707   28.3039  3.33  1.36  0.418  20190929235259 13.96  A
20190926213541  2019   9  26  21  35 40.68  737694.8997764   40.8765   28.2385  4.83  1.29  0.432  20190926210055 10.89  A
20190926214134  2019   9  26  21  41 33.76  737694.9038630   40.8698   28.3061  5.60  1.24  0.368  20190926220439 13.43  A
20190926214218  2019   9  26  21  42 18.00  737694.9043750   40.8812   28.2166  9.17  2.20  1.000  20190926214218 38.21  A
20190926214247  2019   9  26  21  42 46.53  737694.9047052   40.8832   28.2227  7.91  1.69  0.383  20190926194545 13.24  A
20190926214553  2019   9  26  21  45 53.00  737694.9068634   40.8706   28.3004  2.47  2.36  1.000  20190926214553 39.15  A
20190926214560  2019   9  26  21  45 59.98  737694.9069442   40.8641   28.2917  3.58  2.36  0.316  20190930223322  9.72  B
20190926214658  2019   9  26  21  46 57.73  737694.9076126   40.8703   28.2897  4.05  1.68  0.709  20190926214553 18.28  A
20190926214729  2019   9  26  21  47 29.00  737694.9079745   40.8715   28.3039  4.57  1.23  0.355  20190927064555 10.90  A
20190926214902  2019   9  26  21  49  2.00  737694.9090509   40.8706   28.3036  2.64  2.86  1.000  20190926214902 31.93  A
20190926215108  2019   9  26  21  51  8.37  737694.9105135   40.8766   28.2450  7.02  2.00  0.795  20190929012514 14.93  A
20190926215352  2019   9  26  21  53 51.98  737694.9124072   40.8734   28.3123  2.18  1.11  0.304  20190927041649 10.12  A
20190926215748  2019   9  26  21  57 48.39  737694.9151434   40.8816   28.2314  5.43  1.20  0.378  20190926112254 10.07  A
20190926215820  2019   9  26  21  58 19.78  737694.9155067   40.8638   28.3025  4.21  1.51  0.695  20190926222836 19.70  A
20190926215945  2019   9  26  21  59 45.05  737694.9164936   40.8876   28.2324  3.64  1.15  0.329  20190929124934 10.13  A
20190926220141  2019   9  26  22   1 40.75  737694.9178328   40.8609   28.2705  6.18  1.27  0.490  20190928005322 12.65  A
20190926220149  2019   9  26  22   1 48.75  737694.9179253   40.8703   28.2906  9.75  1.27  0.406  20190929172724 10.45  A
20190926220217  2019   9  26  22   2 16.72  737694.9182491   40.8709   28.2961  5.14  2.52  0.542  20190927042346 14.82  A
20190926220414  2019   9  26  22   4 13.80  737694.9196042   40.8659   28.2769  5.05  1.25  0.387  20190930022601 11.42  A
20190926220439  2019   9  26  22   4 39.00  737694.9198958   40.8709   28.3174  1.90  1.94  1.000  20190926220439 36.46  A
20190926220800  2019   9  26  22   8  0.23  737694.9222249   40.8798   28.2217  5.30  1.04  0.407  20190924090408 10.11  A
20190926220834  2019   9  26  22   8 34.41  737694.9226205   40.8687   28.2918  4.66  1.30  0.552  20190926214553 14.22  A
20190926221030  2019   9  26  22  10 30.17  737694.9239603   40.8656   28.2570  5.95  1.19  0.426  20190929075821 14.37  A
20190926221125  2019   9  26  22  11 25.42  737694.9245998   40.8729   28.2933  5.04  1.40  0.556  20190926151822 19.97  A
20190926221210  2019   9  26  22  12 10.00  737694.9251157   40.8761   28.2686  1.63  1.95  1.000  20190926221210 36.98  A
20190926221732  2019   9  26  22  17 32.43  737694.9288476   40.8651   28.2923  4.33  1.15  0.411  20190926214553 10.60  A
20190926222259  2019   9  26  22  22 58.87  737694.9326258   40.8846   28.2171  8.41  1.21  0.497  20190926203053 13.10  A
20190926222832  2019   9  26  22  28 31.80  737694.9364792   40.8812   28.2443  7.77  1.74  0.442  20190928055714 11.69  A
20190926222837  2019   9  26  22  28 36.89  737694.9365381   40.8810   28.2493  6.46  1.74  0.844  20190927021121 18.25  A
20190926222846  2019   9  26  22  28 45.62  737694.9366391   40.8854   28.2173  9.06  1.74  0.351  20190927033740  9.82  A
20190926222952  2019   9  26  22  29 52.00  737694.9374074   40.8876   28.2122  8.43  1.64  1.000  20190926222952 26.66  A
20190926223031  2019   9  26  22  30 30.55  737694.9378536   40.8855   28.2176  9.44  1.26  0.527  20191002110229 12.14  A
20190926223935  2019   9  26  22  39 34.61  737694.9441506   40.8572   28.3010  2.76  1.05  0.393  20190926222836 11.13  A
20190926224003  2019   9  26  22  40  2.55  737694.9444740   40.8797   28.2302  7.45  1.54  0.735  20190926112254 19.59  A
20190926224043  2019   9  26  22  40 43.00  737694.9449421   40.8850   28.2244  4.22  1.58  1.000  20190926224043 19.02  A
20190926224315  2019   9  26  22  43 14.80  737694.9466991   40.8638   28.2887  5.12  1.18  0.319  20190930063518 12.10  A
20190926224612  2019   9  26  22  46 11.82  737694.9487479   40.8725   28.3081  3.62  1.20  0.377  20190928084129 12.08  A
20190926225235  2019   9  26  22  52 35.35  737694.9531869   40.8647   28.2926  9.06  1.51  0.837  20191003154641 22.50  A
20190926225705  2019   9  26  22  57  5.12  737694.9563093   40.8880   28.3219  3.94  1.05  0.305  20190926163525  9.72  A
20190926231025  2019   9  26  23  10 24.60  737694.9655625   40.8644   28.2918  9.51  1.43  0.743  20191003154641 19.98  A
20190926231233  2019   9  26  23  12 32.61  737694.9670441   40.8854   28.2173  9.06  1.17  0.373  20190927033740 10.44  A
20190926231256  2019   9  26  23  12 56.05  737694.9673154   40.8816   28.2288  7.64  1.18  0.580  20190926112254 15.46  A
20190926231460  2019   9  26  23  14 59.84  737694.9687481   40.8690   28.2822  5.14  1.39  0.585  20190930063518 22.21  A
20190926231621  2019   9  26  23  16 21.36  737694.9696917   40.8631   28.2861  5.54  1.10  0.285  20190930063518 10.82  A
20190926233034  2019   9  26  23  30 33.62  737694.9795558   40.8812   28.2166  9.17  1.14  0.310  20190926214218 11.86  A
20190926233059  2019   9  26  23  30 58.90  737694.9798484   40.8789   28.2295  7.74  1.24  0.463  20190929003110 14.04  C
20190926233112  2019   9  26  23  31 12.00  737694.9800000   40.8697   28.2932  3.79  1.27  0.444  20190927173842 10.04  A
20190926233909  2019   9  26  23  39  8.58  737694.9855160   40.8805   28.2231  7.89  1.45  0.805  20190927104504 17.74  A
20190926233933  2019   9  26  23  39 33.00  737694.9857986   40.8667   28.2965  2.16  1.86  1.000  20190926233933 27.95  A
20190926234233  2019   9  26  23  42 32.90  737694.9878808   40.8764   28.2442  5.85  1.24  0.349  20190927010558 11.49  A
20190926234554  2019   9  26  23  45 53.75  737694.9902054   40.8823   28.2334  7.06  1.11  0.420  20190926112254 11.21  A
20190926234703  2019   9  26  23  47  3.48  737694.9910125   40.8649   28.2682  4.78  1.24  0.442  20190929141354 12.62  A
20190926234805  2019   9  26  23  48  4.92  737694.9917236   40.8724   28.2947  5.33  2.81  0.834  20190926151822 29.99  A
20190926234934  2019   9  26  23  49 33.95  737694.9927541   40.8733   28.2965  5.43  1.98  0.556  20190927042346 15.20  A
20190926234944  2019   9  26  23  49 44.34  737694.9928743   40.8787   28.2487  7.81  1.84  0.318  20190926200621  9.86  A
20190926235305  2019   9  26  23  53  4.73  737694.9951936   40.8669   28.2839  7.60  1.32  0.668  20190930223904 19.26  A
20190926235847  2019   9  26  23  58 47.00  737694.9991551   40.8782   28.2198  6.10  2.12  1.000  20190926235847 34.71  A
20190927000153  2019   9  27   0   1 53.37  737695.0013122   40.8648   28.3052  4.90  1.32  0.717  20190926222836 19.84  A
20190927000207  2019   9  27   0   2  7.49  737695.0014756   40.8810   28.2294  8.61  1.32  0.402  20190926214218 10.98  A
20190927000254  2019   9  27   0   2 53.82  737695.0020118   40.8737   28.3024  5.11  1.04  0.298  20190929235259 10.00  A
20190927000927  2019   9  27   0   9 26.89  737695.0065612   40.8747   28.2511  6.16  1.22  0.531  20190927144148 17.62  A
20190927000949  2019   9  27   0   9 48.56  737695.0068120   40.8602   28.2668  6.88  1.19  0.401  20190927093326 12.12  A
20190927001205  2019   9  27   0  12  4.81  737695.0083890   40.8818   28.2245  7.60  1.62  0.611  20190926190958 18.06  A
20190927001414  2019   9  27   0  14 14.43  737695.0098892   40.8845   28.2198  8.56  1.13  0.367  20190928055714  9.54  A
20190927001420  2019   9  27   0  14 19.68  737695.0099500   40.8864   28.2025  9.75  1.13  0.374  20190928005925 13.61  A
20190927001500  2019   9  27   0  15  0.00  737695.0104167   40.8656   28.2924  5.91  1.87  1.000  20190927001500 43.72  A
20190927001548  2019   9  27   0  15 48.05  737695.0109728   40.8797   28.2383  8.21  1.57  0.600  20190926224043 10.92  A
20190927002220  2019   9  27   0  22 19.63  737695.0155050   40.8698   28.2639  5.94  1.30  0.685  20190929075821 19.29  A
20190927002309  2019   9  27   0  23  8.88  737695.0160750   40.8660   28.2566  5.81  1.08  0.340  20190929075821 11.53  A
20190927002410  2019   9  27   0  24  9.66  737695.0167785   40.8879   28.2235  7.64  1.13  0.397  20190928220932 12.50  A
20190927002737  2019   9  27   0  27 37.00  737695.0191782   40.8646   28.2566  4.94  1.71  1.000  20190927002737 28.53  A
20190927003239  2019   9  27   0  32 39.20  737695.0226759   40.8706   28.3036  2.64  1.13  0.290  20190926214902  9.38  A
20190927003823  2019   9  27   0  38 22.56  737695.0266500   40.8833   28.2268  7.10  1.26  0.397  20190929063052 11.62  A
20190927003860  2019   9  27   0  38 59.88  737695.0270819   40.8833   28.2198  7.58  1.53  0.631  20190926180251 17.08  A
20190927003918  2019   9  27   0  39 18.28  737695.0272949   40.8690   28.2772  7.40  1.40  0.359  20190926112846  9.25  A
20190927004026  2019   9  27   0  40 26.02  737695.0280789   40.8876   28.2143  9.36  1.43  0.758  20190927162011 12.70  A
20190927004042  2019   9  27   0  40 41.81  737695.0282617   40.8737   28.2463  6.37  1.36  0.277  20190927144148  9.20  A
20190927004152  2019   9  27   0  41 51.68  737695.0290704   40.8801   28.2162  8.19  1.16  0.342  20190926133343  9.25  A
20190927004306  2019   9  27   0  43  5.54  737695.0299252   40.8766   28.2656  5.04  1.47  0.281  20190926120025 12.95  A
20190927004320  2019   9  27   0  43 20.00  737695.0300926   40.8621   28.2659 10.62  1.63  1.000  20190927004320 20.21  A
20190927004706  2019   9  27   0  47  6.44  737695.0327134   40.8814   28.2144  9.05  1.10  0.355  20190926133343  9.60  A
20190927004725  2019   9  27   0  47 24.52  737695.0329227   40.8817   28.2290  7.37  1.28  0.643  20190926112254 16.89  A
20190927004859  2019   9  27   0  48 58.79  737695.0340138   40.8559   28.2579 11.41  1.08  0.306  20190927093326  9.24  A
20190927005022  2019   9  27   0  50 22.00  737695.0349769   40.8702   28.3137  4.14  2.54  1.000  20190927005022 37.51  A
20190927005115  2019   9  27   0  51 14.64  737695.0355861   40.8666   28.2562  6.64  1.52  0.277  20190929022157  9.15  A
20190927005302  2019   9  27   0  53  1.90  737695.0368275   40.8854   28.2181  6.45  1.08  0.323  20190927091623 10.66  A
20190927005344  2019   9  27   0  53 44.00  737695.0373148   40.8768   28.2167  1.18  2.03  1.000  20190927005344 36.84  B
20190927005431  2019   9  27   0  54 30.73  737695.0378557   40.8841   28.2187  4.83  1.20  0.258  20190927005344  9.49  B
20190927005544  2019   9  27   0  55 43.61  737695.0386992   40.8806   28.2379  7.26  1.30  0.422  20190926210055 10.58  A
20190927005655  2019   9  27   0  56 54.87  737695.0395240   40.8821   28.2267  8.20  1.18  0.614  20190928055714 15.96  A
20190927005728  2019   9  27   0  57 28.28  737695.0399106   40.8767   28.2229  5.95  1.14  0.434  20190927104504  9.71  A
20190927005759  2019   9  27   0  57 59.29  737695.0402696   40.8721   28.3044  3.39  1.35  0.412  20190929235259 13.80  A
20190927005931  2019   9  27   0  59 31.07  737695.0413318   40.8880   28.2197  6.78  1.13  0.265  20191113192436 10.45  A
20190927010017  2019   9  27   1   0 17.46  737695.0418688   40.8737   28.3024  5.11  1.16  0.270  20190929235259  9.06  A
20190927010319  2019   9  27   1   3 18.76  737695.0439671   40.8839   28.2232 16.38  1.11  0.315  20190929214015  9.28  A
20190927010411  2019   9  27   1   4 11.16  737695.0445736   40.8689   28.2491  7.08  1.19  0.404  20190927235806 13.52  A
20190927010558  2019   9  27   1   5 58.00  737695.0458102   40.8807   28.2403  7.00  2.48  1.000  20190927010558 42.53  A
20190927010608  2019   9  27   1   6  8.21  737695.0459284   40.8818   28.2422  8.51  2.48  0.299  20190926200621  9.41  A
20190927010653  2019   9  27   1   6 52.90  737695.0464456   40.8820   28.2150  6.82  1.26  0.312  20190927230934 10.49  A
20190927011301  2019   9  27   1  13  1.33  737695.0507098   40.8705   28.2989  4.37  1.16  0.421  20190926194348 12.46  A
20190927011458  2019   9  27   1  14 57.96  737695.0520597   40.8684   28.2917 10.30  1.16  0.336  20191003154641  9.04  A
20190927011610  2019   9  27   1  16 10.35  737695.0528976   40.8643   28.3002  5.10  1.28  0.532  20190930000243 11.06  A
20190927013343  2019   9  27   1  33 42.73  737695.0650779   40.8826   28.2233  7.43  1.49  0.625  20190926120419 17.20  A
20190927013501  2019   9  27   1  35  1.06  737695.0659845   40.8717   28.2892  8.73  1.36  0.643  20190926153115 14.78  A
20190927013517  2019   9  27   1  35 17.46  737695.0661743   40.8647   28.2753  5.52  1.29  0.352  20190929024651  9.09  A
20190927013713  2019   9  27   1  37 12.81  737695.0675094   40.8723   28.2723  7.24  1.41  0.283  20190927144148 11.45  A
20190927014100  2019   9  27   1  41  0.00  737695.0701389   40.8707   28.2622  7.72  2.63  1.000  20190927014100 31.93  A
20190927014109  2019   9  27   1  41  8.69  737695.0702395   40.8854   28.2173  9.06  2.63  0.335  20190927033740  9.29  A
20190927015453  2019   9  27   1  54 53.16  737695.0797819   40.8904   28.3233  2.91  1.20  0.340  20190927040425 13.44  A
20190927020458  2019   9  27   2   4 58.00  737695.0867824   40.8601   28.1338  8.05  1.90  1.000  20190927020458 24.89  B
20190927020618  2019   9  27   2   6 18.06  737695.0877090   40.8628   28.2871  5.97  1.15  0.356  20190929012753  9.41  A
20190927020924  2019   9  27   2   9 23.59  737695.0898564   40.8814   28.2340  8.52  1.26  0.524  20190927023743 11.14  A
20190927021121  2019   9  27   2  11 20.81  737695.0912131   40.8701   28.2925  4.54  1.66  0.465  20190929235259 15.57  A
20190927022226  2019   9  27   2  22 25.51  737695.0989064   40.8838   28.2229  6.33  1.36  0.506  20190926224043  9.22  A
20190927022248  2019   9  27   2  22 47.65  737695.0991626   40.8822   28.2388  5.94  1.50  0.574  20190926210055 14.37  A
20190927022329  2019   9  27   2  23 29.00  737695.0996412   40.8504   28.2843  9.98  1.85  1.000  20190927022329 34.89  B
20190927022439  2019   9  27   2  24 39.39  737695.1004559   40.8749   28.2812  6.49  1.58  0.578  20190926134437 16.04  A
20190927022707  2019   9  27   2  27  6.94  737695.1021637   40.8651   28.2921  9.53  1.39  0.672  20191003154641 18.08  A
20190927022730  2019   9  27   2  27 30.00  737695.1024306   40.8705   28.2446  3.92  1.31  0.262  20190924102308 10.28  A
20190927023023  2019   9  27   2  30 22.86  737695.1044313   40.8752   28.2468  5.52  1.29  0.407  20190927235806  9.40  A
20190927023501  2019   9  27   2  35  0.53  737695.1076450   40.8784   28.2308  2.13  1.17  0.320  20190924150510  9.14  A
20190927023537  2019   9  27   2  35 37.00  737695.1080671   40.8886   28.2082  8.12  2.55  1.000  20190927023537 35.50  A
20190927023743  2019   9  27   2  37 43.00  737695.1095255   40.8855   28.2192  8.63  1.68  1.000  20190927023743 21.24  A
20190927025235  2019   9  27   2  52 35.22  737695.1198521   40.8652   28.2569  5.32  1.13  0.367  20190929075821 12.28  A
20190927025329  2019   9  27   2  53 28.78  737695.1204720   40.8846   28.2175  7.99  1.48  0.469  20190927230934 10.48  A
20190927025542  2019   9  27   2  55 42.00  737695.1220139   40.8648   28.2851  6.84  2.95  1.000  20190927025542 30.58  A
20190927025833  2019   9  27   2  58 33.34  737695.1239970   40.8738   28.2392  3.85  1.37  0.374  20190924150510 10.69  A
20190927030007  2019   9  27   3   0  7.00  737695.1250810   40.8881   28.2257  6.74  1.93  1.000  20190927030007 26.52  A
20190927030015  2019   9  27   3   0 14.97  737695.1251733   40.8662   28.2536  5.76  1.93  0.299  20191001043249  9.47  A
20190927030211  2019   9  27   3   2 11.00  737695.1265162   40.8774   28.2603  3.34  2.02  1.000  20190927030211 33.56  A
20190927030352  2019   9  27   3   3 51.90  737695.1276840   40.8737   28.3116  1.40  1.18  0.230  20190927041649  9.95  A
20190927030524  2019   9  27   3   5 24.00  737695.1287500   40.8745   28.3070  2.63  2.44  1.000  20190927030524 44.82  A
20190927030841  2019   9  27   3   8 40.51  737695.1310244   40.8849   28.2207  6.23  1.20  0.636  20190926224043 11.59  A
20190927030950  2019   9  27   3   9 50.24  737695.1318315   40.8811   28.2136  7.48  1.10  0.277  20190927230934  9.31  A
20190927031957  2019   9  27   3  19 57.00  737695.1388542   40.8751   28.3044  2.46  1.93  1.000  20190927031957 29.30  A
20190927032314  2019   9  27   3  23 13.57  737695.1411293   40.8717   28.2386  8.19  1.38  0.597  20190926210055 14.96  A
20190927032849  2019   9  27   3  28 48.82  737695.1450095   40.8843   28.2216  8.29  1.27  0.472  20190926164512  9.12  A
20190927032911  2019   9  27   3  29 11.38  737695.1452706   40.8806   28.2222  8.01  1.30  0.719  20190927104504 16.08  A
20190927033445  2019   9  27   3  34 44.60  737695.1491273   40.8661   28.3041  6.01  1.43  0.261  20190926164919 10.27  A
20190927033740  2019   9  27   3  37 40.00  737695.1511574   40.8854   28.2173  9.06  2.48  1.000  20190927033740 38.64  A
20190927033755  2019   9  27   3  37 54.99  737695.1513309   40.8844   28.2291  9.64  2.42  0.332  20190928142839  9.37  A
20190927034315  2019   9  27   3  43 14.50  737695.1550289   40.8712   28.2860  6.32  1.56  0.702  20190928231808 22.92  A
20190927034414  2019   9  27   3  44 14.12  737695.1557190   40.8658   28.2868  5.90  1.32  0.410  20190930063518 15.94  A
20190927034552  2019   9  27   3  45 52.06  737695.1568525   40.8821   28.2200  8.00  1.42  0.696  20190927104504 15.55  A
20190927034720  2019   9  27   3  47 20.06  737695.1578711   40.8814   28.2121  5.84  1.15  0.367  20190926201521 12.43  A
20190927035013  2019   9  27   3  50 12.63  737695.1598684   40.8811   28.2263  7.68  1.20  0.302  20190926191956 11.03  A
20190927035233  2019   9  27   3  52 32.78  737695.1614905   40.8605   28.2676  7.12  1.25  0.416  20190927093326 12.58  A
20190927035252  2019   9  27   3  52 52.48  737695.1617185   40.8664   28.2868  7.88  1.61  0.636  20190927224242 17.37  A
20190927035343  2019   9  27   3  53 43.00  737695.1623032   40.8761   28.2282  8.26  1.55  0.649  20190929012514 10.84  A
20190927035430  2019   9  27   3  54 29.51  737695.1628416   40.8880   28.3219  3.94  1.38  0.417  20190926163525 13.12  A
20190927035449  2019   9  27   3  54 48.70  737695.1630637   40.8662   28.2570  5.52  1.28  0.533  20190929053611 13.03  A
20190927035543  2019   9  27   3  55 43.19  737695.1636943   40.9042   28.2580 13.67  1.14  0.244  20190926180251  9.31  B
20190927035658  2019   9  27   3  56 58.03  737695.1645605   40.8631   28.2861  5.54  1.22  0.333  20190930063518 12.94  A
20190927040058  2019   9  27   4   0 57.61  737695.1673334   40.8688   28.2674  6.49  1.18  0.331  20190929212922 11.77  A
20190927040425  2019   9  27   4   4 25.00  737695.1697338   40.8904   28.3233  2.91  2.22  1.000  20190927040425 39.58  A
20190927040552  2019   9  27   4   5 52.40  737695.1707454   40.8827   28.2676  7.12  1.19  0.271  20190926132544 11.26  A
20190927040815  2019   9  27   4   8 15.25  737695.1723987   40.8804   28.2407  5.67  1.59  0.179  20191020210046  9.02  A
20190927041001  2019   9  27   4  10  1.41  737695.1736274   40.8770   28.2233  5.78  1.26  0.652  20190927104504 14.57  A
20190927041057  2019   9  27   4  10 56.94  737695.1742701   40.8837   28.2053  9.53  1.35  0.364  20190928005925 13.23  A
20190927041244  2019   9  27   4  12 43.66  737695.1755053   40.8637   28.3083  4.58  1.22  0.295  20190928051422 10.15  A
20190927041649  2019   9  27   4  16 49.00  737695.1783449   40.8737   28.3116  1.40  2.39  1.000  20190927041649 43.30  A
20190927041744  2019   9  27   4  17 44.31  737695.1789851   40.8725   28.2395  6.52  1.51  0.416  20190927235806  9.62  A
20190927041843  2019   9  27   4  18 42.70  737695.1796609   40.8781   28.2489  6.20  2.12  0.648  20190926214218 17.68  A
20190927041947  2019   9  27   4  19 46.68  737695.1804014   40.8867   28.2069 11.42  1.43  0.484  20191002110229 11.04  A
20190927042346  2019   9  27   4  23 46.00  737695.1831713   40.8674   28.2898  2.67  2.18  1.000  20190927042346 33.20  A
20190927042354  2019   9  27   4  23 53.64  737695.1832597   40.8642   28.2886  7.43  2.18  0.299  20190927103230  9.68  A
20190927044423  2019   9  27   4  44 23.38  737695.1974928   40.8737   28.3024  5.11  1.45  0.261  20190929235259  9.11  A
20190927044457  2019   9  27   4  44 57.17  737695.1978839   40.8654   28.2568  5.59  1.30  0.365  20190927002737 10.41  A
20190927045510  2019   9  27   4  55 10.20  737695.2049792   40.8678   28.2391  6.19  1.35  0.310  20190926152531 10.18  A
20190927050014  2019   9  27   5   0 14.36  737695.2084995   40.8761   28.2965  5.55  1.41  0.475  20191001015612 14.59  A
20190927050157  2019   9  27   5   1 56.93  737695.2096867   40.8804   28.2407  5.67  1.56  0.180  20191020210046  9.06  A
20190927050215  2019   9  27   5   2 15.40  737695.2099005   40.8639   28.2783  6.71  1.68  0.474  20191009012951 14.78  A
20190927050807  2019   9  27   5   8  6.94  737695.2139692   40.8697   28.2762  5.08  1.98  0.469  20190928005322 11.90  A
20190927050813  2019   9  27   5   8 13.06  737695.2140400   40.8706   28.3036  2.64  1.98  0.280  20190926214902  9.07  A
20190927052002  2019   9  27   5  20  1.90  737695.2222442   40.8637   28.3083  4.58  1.42  0.277  20190928051422  9.06  A
20190927052043  2019   9  27   5  20 43.45  737695.2227251   40.8756   28.3085  1.61  1.36  0.274  20190927224431  9.58  A
20190927052806  2019   9  27   5  28  5.59  737695.2278425   40.8662   28.2536  5.76  1.53  0.295  20191001043249  9.34  A
20190927052834  2019   9  27   5  28 33.56  737695.2281662   40.8711   28.2999  1.49  1.55  0.291  20190926115126  9.69  A
20190927053142  2019   9  27   5  31 42.22  737695.2303498   40.8596   28.2783  7.36  1.91  0.220  20190926155038  9.57  A
20190927054213  2019   9  27   5  42 12.67  737695.2376466   40.8868   28.2189  9.25  1.91  0.670  20190927005344 24.69  A
20190927054230  2019   9  27   5  42 29.93  737695.2378464   40.8596   28.2783  7.36  1.87  0.227  20190926155038 10.21  A
20190927054254  2019   9  27   5  42 53.78  737695.2381225   40.8688   28.2976  1.96  1.79  0.259  20190926151822  9.53  A
20190927054305  2019   9  27   5  43  5.28  737695.2382556   40.8752   28.3139  3.46  1.91  0.283  20190928084129  9.03  A
20190927054314  2019   9  27   5  43 13.74  737695.2383535   40.8804   28.2407  5.67  1.91  0.181  20191020210046  9.11  A
20190927054451  2019   9  27   5  44 51.15  737695.2394809   40.8589   28.2811  7.36  1.85  0.215  20190926212345  9.14  A
20190927055107  2019   9  27   5  51  6.70  737695.2438275   40.8737   28.3024  5.11  2.12  0.269  20190929235259  9.02  A
20190927055957  2019   9  27   5  59 57.12  737695.2499667   40.8636   28.2833  5.25  1.47  0.452  20190927071107 10.99  A
20190927060135  2019   9  27   6   1 35.34  737695.2511035   40.8909   28.2098  2.95  1.32  0.261  20190926182052  9.66  A
20190927060421  2019   9  27   6   4 20.58  737695.2530160   40.8622   28.2869  5.45  1.45  0.391  20190929012753 10.33  A
20190927060431  2019   9  27   6   4 30.98  737695.2531363   40.8706   28.3086  0.99  1.45  0.352  20190926204619  9.11  A
20190927060657  2019   9  27   6   6 56.86  737695.2548248   40.8699   28.2667  4.15  1.55  0.405  20190927153913 10.70  A
20190927061240  2019   9  27   6  12 40.43  737695.2588013   40.8596   28.2783  7.36  1.84  0.209  20190926155038  9.08  A
20190927061310  2019   9  27   6  13 10.44  737695.2591486   40.8596   28.2783  7.36  1.87  0.216  20190926155038  9.72  A
20190927061829  2019   9  27   6  18 29.00  737695.2628356   40.8671   28.3094  2.49  1.86  1.000  20190927061829 25.16  A
20190927061844  2019   9  27   6  18 44.44  737695.2630144   40.8711   28.2999  1.49  1.78  0.298  20190926115126  9.92  A
20190927063014  2019   9  27   6  30 13.91  737695.2709943   40.8823   28.2260  7.23  1.31  0.424  20190926112254 11.13  A
20190927063336  2019   9  27   6  33 36.06  737695.2733340   40.8909   28.2098  2.95  1.30  0.246  20190926182052  9.14  A
20190927063426  2019   9  27   6  34 26.18  737695.2739141   40.8641   28.2891 11.05  1.34  0.425  20190926162341 11.30  A
20190927063715  2019   9  27   6  37 15.42  737695.2758729   40.8689   28.2822  7.89  1.28  0.377  20190928222002  9.13  A
20190927063958  2019   9  27   6  39 58.10  737695.2777558   40.8656   28.2566  5.30  1.34  0.458  20190929053611 11.18  A
20190927064531  2019   9  27   6  45 30.80  737695.2816065   40.8642   28.2913  9.16  1.42  0.464  20190927173842 10.35  A
20190927064555  2019   9  27   6  45 55.00  737695.2818866   40.8715   28.3118  2.75  2.37  1.000  20190927064555 43.76  A
20190927064600  2019   9  27   6  46  0.10  737695.2819456   40.8688   28.2976  1.96  2.37  0.279  20190926151822 10.24  A
20190927065207  2019   9  27   6  52  6.59  737695.2861874   40.8694   28.2450  4.95  1.25  0.247  20190924105652  9.02  A
20190927065615  2019   9  27   6  56 14.60  737695.2890579   40.8642   28.2886  7.43  1.78  0.288  20190927103230  9.31  A
20190927071107  2019   9  27   7  11  7.00  737695.2993866   40.8684   28.2850  8.86  1.84  1.000  20190927071107 24.32  A
20190927071729  2019   9  27   7  17 28.74  737695.3038049   40.8741   28.2595  5.27  1.60  0.460  20190924105652 12.17  A
20190927072406  2019   9  27   7  24  6.12  737695.3084042   40.8873   28.2021  9.97  1.50  0.287  20190928005925 10.44  A
20190927073521  2019   9  27   7  35 20.67  737695.3162115   40.8447   28.3656  8.22  1.30  0.202  20200102111840  9.10  B
20190927074834  2019   9  27   7  48 33.54  737695.3253882   40.8684   28.2917 10.30  1.42  0.337  20191003154641  9.06  A
20190927075024  2019   9  27   7  50 23.92  737695.3266657   40.8785   28.2238  4.83  1.29  0.297  20190926115346 11.75  A
20190927075214  2019   9  27   7  52 14.35  737695.3279439   40.8829   28.2247  8.21  1.36  0.389  20190926133343 10.50  A
20190927080339  2019   9  27   8   3 39.25  737695.3358709   40.8833   28.2145  7.49  1.35  0.315  20190929063052  9.22  A
20190927081033  2019   9  27   8  10 32.56  737695.3406546   40.8689   28.2827  6.46  1.35  0.347  20190927103230 11.24  A
20190927081601  2019   9  27   8  16  0.88  737695.3444546   40.8704   28.3031  3.84  1.48  0.472  20190926151822 17.35  A
20190927081608  2019   9  27   8  16  8.40  737695.3445417   40.8705   28.3213  3.67  1.48  0.311  20190926170331  9.00  A
20190927082204  2019   9  27   8  22  3.84  737695.3486556   40.8737   28.2463  6.37  1.36  0.357  20190927144148 11.84  A
20190927082504  2019   9  27   8  25  3.57  737695.3507358   40.8624   28.2890  3.11  2.03  0.272  20190926155219 10.09  A
20190927082539  2019   9  27   8  25 39.02  737695.3511461   40.8909   28.2098  2.95  1.50  0.253  20190926182052  9.38  A
20190927082551  2019   9  27   8  25 50.80  737695.3512824   40.8737   28.2463  6.37  1.49  0.272  20190927144148  9.03  A
20190927082752  2019   9  27   8  27 51.89  737695.3526839   40.8680   28.2874 14.95  1.32  0.303  20190926131745  9.11  A
20190927082817  2019   9  27   8  28 17.00  737695.3529745   40.8573   28.2380  6.51  2.25  1.000  20190927082817 43.39  A
20190927082831  2019   9  27   8  28 31.39  737695.3531411   40.8728   28.2735  2.87  2.25  0.309  20190924102308  9.09  A
20190927083323  2019   9  27   8  33 22.73  737695.3565131   40.8809   28.2217  7.33  1.30  0.220  20190926190958  9.06  A
20190927083937  2019   9  27   8  39 36.64  737695.3608407   40.8880   28.3219  3.94  1.51  0.323  20190926163525 10.16  A
20190927083947  2019   9  27   8  39 47.26  737695.3609637   40.8685   28.2893  4.66  1.54  0.341  20190926170331  9.85  A
20190927083953  2019   9  27   8  39 52.68  737695.3610264   40.8688   28.2976  1.96  1.54  0.257  20190926151822  9.44  A
20190927084159  2019   9  27   8  41 58.74  737695.3624854   40.8674   28.2824  5.87  1.49  0.342  20190930223904  9.82  A
20190927084207  2019   9  27   8  42  6.59  737695.3625763   40.8705   28.3213  3.67  1.53  0.344  20190926170331  9.96  A
20190927084444  2019   9  27   8  44 44.23  737695.3644008   40.8598   28.2752  3.96  1.32  0.543  20190928071844 13.46  A
20190927084736  2019   9  27   8  47 36.12  737695.3663903   40.8794   28.2335  7.73  1.53  0.499  20190927010558 16.62  A
20190927085135  2019   9  27   8  51 35.15  737695.3691568   40.8792   28.2369  7.34  1.36  0.341  20190927144148 11.32  A
20190927085545  2019   9  27   8  55 44.96  737695.3720481   40.8596   28.2783  7.36  1.34  0.207  20190926155038  9.28  A
20190927090924  2019   9  27   9   9 23.53  737695.3815223   40.8836   28.2054  9.51  1.45  0.347  20190928005925 12.64  A
20190927091006  2019   9  27   9  10  6.32  737695.3820176   40.8752   28.2969  5.71  1.67  0.715  20190926151822 26.27  A
20190927091014  2019   9  27   9  10 13.98  737695.3821063   40.8631   28.2861  5.54  1.67  0.235  20190930063518  9.12  A
20190927091235  2019   9  27   9  12 34.60  737695.3837338   40.8639   28.2895 10.29  1.32  0.537  20190926162341 14.31  A
20190927091528  2019   9  27   9  15 27.84  737695.3857389   40.8814   28.2315  7.07  1.97  0.791  20190927212535 20.01  A
20190927091622  2019   9  27   9  16 22.38  737695.3863701   40.8841   28.2188  7.75  1.82  0.702  20190927033740 19.45  A
20190927092213  2019   9  27   9  22 12.87  737695.3904267   40.8599   28.2630  9.44  1.48  0.342  20190927093326 10.36  A
20190927092225  2019   9  27   9  22 25.00  737695.3905671   40.8705   28.3006  4.31  1.48  0.611  20190926194348 18.07  A
20190927093144  2019   9  27   9  31 44.21  737695.3970395   40.8669   28.2972  3.11  1.36  0.469  20190926151822 19.48  A
20190927093326  2019   9  27   9  33 25.90  737695.3982164   40.8697   28.2727  5.11  1.82  0.705  20190928005322 17.89  A
20190927093808  2019   9  27   9  38  7.88  737695.4014801   40.8728   28.3078  9.10  1.42  0.568  20191005065248 17.74  A
20190927094418  2019   9  27   9  44 18.25  737695.4057668   40.8663   28.2666  5.09  1.70  0.732  20190929075821 20.62  A
20190927094645  2019   9  27   9  46 45.16  737695.4074671   40.8589   28.2811  7.36  1.51  0.211  20190926212345  9.25  A
20190927095056  2019   9  27   9  50 56.48  737695.4103759   40.8799   28.2252  8.79  1.52  0.614  20190929012514 10.25  A
20190927100108  2019   9  27  10   1  8.19  737695.4174559   40.8855   28.2130  7.12  1.39  0.454  20190927023537 11.98  A
20190927100155  2019   9  27  10   1 55.42  737695.4180025   40.8873   28.2021  9.97  1.28  0.251  20190928005925  9.14  A
20190927100735  2019   9  27  10   7 35.20  737695.4219352   40.8749   28.2754  4.79  1.30  0.357  20190928110303  9.01  A
20190927100849  2019   9  27  10   8 49.28  737695.4227926   40.8770   28.2606  6.24  1.43  0.284  20190929051140 10.78  A
20190927101359  2019   9  27  10  13 58.65  737695.4263733   40.8832   28.2244  7.84  1.41  0.519  20190927212535 13.13  A
20190927101602  2019   9  27  10  16  1.84  737695.4277991   40.8846   28.2045  9.64  1.39  0.479  20190928005925 17.44  A
20190927101856  2019   9  27  10  18 56.18  737695.4298169   40.8802   28.2220  6.41  1.29  0.331  20190930023130  9.31  A
20190927102314  2019   9  27  10  23 13.99  737695.4328008   40.8646   28.2960  4.17  1.32  0.385  20190926180622 11.28  A
20190927103230  2019   9  27  10  32 30.00  737695.4392361   40.8642   28.2886  7.43  3.06  1.000  20190927103230 39.25  A
20190927103235  2019   9  27  10  32 35.08  737695.4392949   40.8688   28.2976  1.96  3.06  0.248  20190926151822  9.13  A
20190927103901  2019   9  27  10  39  0.55  737695.4437564   40.8747   28.2272  6.80  1.62  0.362  20190924085722  9.32  A
20190927103926  2019   9  27  10  39 26.00  737695.4440509   40.8708   28.3134  3.16  2.43  1.000  20190927103926 37.72  A
20190927104504  2019   9  27  10  45  4.00  737695.4479630   40.8728   28.2167  9.75  1.62  1.000  20190927104504 22.36  A
20190927104743  2019   9  27  10  47 43.29  737695.4498066   40.8613   28.2890  6.35  1.32  0.249  20190927111346  9.08  A
20190927104804  2019   9  27  10  48  4.40  737695.4500509   40.8737   28.2968  6.01  1.83  0.600  20190926162616 17.46  A
20190927104813  2019   9  27  10  48 12.83  737695.4501485   40.8662   28.3040  5.62  1.83  0.234  20190926182643  9.05  A
20190927105226  2019   9  27  10  52 25.61  737695.4530742   40.8834   28.2199  7.70  1.75  0.687  20190927230934 15.35  A
20190927105631  2019   9  27  10  56 31.19  737695.4559166   40.9101   28.2516 11.78  1.40  0.268  20191003133154 10.41  B
20190927105745  2019   9  27  10  57 45.06  737695.4567715   40.8814   28.2335  6.29  1.82  0.459  20191007042031 13.00  A
20190927110407  2019   9  27  11   4  7.32  737695.4611958   40.8687   28.2768  4.95  1.67  0.373  20190929235259 12.49  A
20190927110509  2019   9  27  11   5  9.21  737695.4619122   40.8884   28.2959  7.01  1.36  0.591  20191013071038 11.86  A
20190927111346  2019   9  27  11  13 46.00  737695.4678935   40.8613   28.2890  6.35  3.27  1.000  20190927111346 36.50  A
20190927112222  2019   9  27  11  22 21.79  737695.4738633   40.8672   28.2601  6.10  1.35  0.436  20190929075821 14.80  A
20190927112754  2019   9  27  11  27 54.22  737695.4777109   40.8684   28.2994  4.30  1.67  0.475  20190927071107 11.56  A
20190927113303  2019   9  27  11  33  3.19  737695.4812869   40.8617   28.2851  4.75  1.36  0.197  20190928231808  9.28  A
20190927113438  2019   9  27  11  34 38.44  737695.4823894   40.8756   28.3085  1.61  2.02  0.270  20190927224431  9.45  A
20190927113529  2019   9  27  11  35 28.88  737695.4829731   40.8737   28.3024  5.11  1.50  0.326  20190929235259 10.92  A
20190927113835  2019   9  27  11  38 35.47  737695.4851328   40.8701   28.2919  4.34  1.42  0.382  20190929012753 10.11  A
20190927113907  2019   9  27  11  39  6.68  737695.4854940   40.8648   28.2951  6.26  1.41  0.363  20190927061829  9.13  A
20190927115510  2019   9  27  11  55 10.20  737695.4966458   40.8708   28.3134  3.16  1.38  0.346  20190927103926  9.11  A
20190927115911  2019   9  27  11  59 10.70  737695.4994294   40.8856   28.2029  9.57  1.39  0.443  20190926152301 15.37  A
20190927121114  2019   9  27  12  11 13.94  737695.5078002   40.8701   28.2506  8.37  1.70  0.708  20190926210055 17.73  A
20190927121316  2019   9  27  12  13 16.18  737695.5092150   40.8798   28.2388  6.98  1.70  0.389  20190925102453  9.01  A
20190927121328  2019   9  27  12  13 28.14  737695.5093535   40.8748   28.2715  6.09  1.70  0.361  20190926221210  9.37  A
20190927122619  2019   9  27  12  26 18.90  737695.5182743   40.8565   28.2768  3.01  1.43  0.224  20190928194348  9.23  A
20190927124015  2019   9  27  12  40 15.06  737695.5279521   40.8792   28.2384  6.51  1.53  0.399  20190927235806  9.21  A
20190927124201  2019   9  27  12  42  0.97  737695.5291779   40.8717   28.3074  4.18  1.71  0.528  20190927103926 19.93  A
20190927124708  2019   9  27  12  47  8.08  737695.5327324   40.8880   28.3037  9.11  1.72  0.320  20191017221136 10.34  A
20190927125312  2019   9  27  12  53 12.16  737695.5369463   40.8684   28.2623  6.05  1.59  0.617  20190926173131 11.43  A
20190927125904  2019   9  27  12  59  3.81  737695.5410163   40.8711   28.2999  1.49  1.32  0.276  20190926115126  9.17  A
20190927130959  2019   9  27  13   9 58.94  737695.5485988   40.8827   28.2230  7.48  1.42  0.355  20190927023537  9.35  A
20190927131136  2019   9  27  13  11 36.44  737695.5497273   40.8629   28.2751  5.33  1.44  0.327  20190929141354  9.27  A
20190927131938  2019   9  27  13  19 38.13  737695.5553024   40.8613   28.2849  4.53  1.40  0.345  20190926155038 15.48  A
20190927132118  2019   9  27  13  21 17.66  737695.5564544   40.8737   28.3024  5.11  1.28  0.274  20190929235259  9.17  A
20190927132353  2019   9  27  13  23 53.30  737695.5582558   40.8817   28.2336  8.76  1.38  0.341  20191009143122  9.51  A
20190927132407  2019   9  27  13  24  6.89  737695.5584131   40.8821   28.2363  4.59  1.33  0.244  20190926112254  9.15  A
20190927132552  2019   9  27  13  25 52.19  737695.5596318   40.8726   28.3072  3.89  1.37  0.416  20190929235259 13.95  A
20190927132616  2019   9  27  13  26 16.00  737695.5599074   40.8624   28.2880 10.72  1.30  0.360  20190926162341  9.58  A
20190927133336  2019   9  27  13  33 35.67  737695.5649962   40.8688   28.2976  1.96  1.38  0.249  20190926151822  9.16  A
20190927134712  2019   9  27  13  47 12.32  737695.5744481   40.8843   28.2166  7.55  1.65  0.506  20190926115346 14.86  A
20190927140256  2019   9  27  14   2 55.77  737695.5853677   40.8769   28.2589  7.59  1.47  0.409  20200112051107  9.88  A
20190927141352  2019   9  27  14  13 52.18  737695.5929650   40.8657   28.2929  3.42  1.42  0.478  20190929012753 12.66  A
20190927142258  2019   9  27  14  22 57.98  737695.5992822   40.8814   28.2209  7.08  1.72  0.873  20190926235847 30.46  A
20190927144148  2019   9  27  14  41 48.00  737695.6123611   40.8737   28.2463  6.37  2.18  1.000  20190927144148 41.30  A
20190927144217  2019   9  27  14  42 16.80  737695.6126944   40.8719   28.2783  5.01  2.14  0.588  20190927001500 18.39  A
20190927144643  2019   9  27  14  46 43.00  737695.6157755   40.8714   28.2464  5.41  2.21  1.000  20190927144643 33.39  A
20190927145317  2019   9  27  14  53 16.85  737695.6203339   40.8728   28.2167  9.75  1.39  0.434  20190927104504  9.70  A
20190927150257  2019   9  27  15   2 57.28  737695.6270519   40.8750   28.2528  7.25  1.86  0.318  20190926141038  9.84  A
20190927151224  2019   9  27  15  12 23.92  737695.6336102   40.8634   28.2930  7.90  1.63  0.826  20190926183953 24.00  A
20190927151948  2019   9  27  15  19 47.52  737695.6387444   40.8808   28.2682  6.53  1.59  0.347  20190926111954 10.84  A
20190927152056  2019   9  27  15  20 55.68  737695.6395333   40.8863   28.2196  8.40  1.46  0.285  20190926113546  9.56  A
20190927152616  2019   9  27  15  26 16.30  737695.6432442   40.8604   28.2706  5.51  1.50  0.403  20190930022601 11.95  A
20190927153913  2019   9  27  15  39 13.00  737695.6522338   40.8695   28.2806  2.02  2.42  1.000  20190927153913 38.22  A
20190927153923  2019   9  27  15  39 23.03  737695.6523499   40.8628   28.2901  5.62  2.42  0.290  20190926220217  9.45  A
20190927155336  2019   9  27  15  53 35.59  737695.6622175   40.8715   28.3118  2.75  1.17  0.268  20190927064555 11.71  A
20190927161203  2019   9  27  16  12  3.23  737695.6750374   40.8821   28.2363  4.59  1.25  0.348  20190926112254  9.13  A
20190927161459  2019   9  27  16  14 58.69  737695.6770682   40.8826   28.2246  8.60  1.28  0.390  20190926113402  9.15  A
20190927162011  2019   9  27  16  20 11.00  737695.6806829   40.8851   28.2097  9.89  1.55  1.000  20190927162011 16.75  A
20190927162326  2019   9  27  16  23 25.53  737695.6829344   40.8820   28.2124  7.71  1.60  0.302  20190926235847 10.53  A
20190927162550  2019   9  27  16  25 50.10  737695.6846076   40.8574   28.2821 15.17  1.23  0.347  20190926162341  9.23  A
20190927162905  2019   9  27  16  29  4.82  737695.6868613   40.8804   28.2407  5.67  1.38  0.199  20191020210046 10.02  A
20190927163033  2019   9  27  16  30 32.90  737695.6878808   40.8613   28.2699  6.24  1.22  0.380  20190930022601 11.15  A
20190927164030  2019   9  27  16  40 29.56  737695.6947866   40.8811   28.2242  7.44  2.04  0.689  20190927005344 16.72  A
20190927164037  2019   9  27  16  40 37.43  737695.6948777   40.8807   28.2403  7.00  2.04  0.276  20190927010558  9.18  A
20190927164106  2019   9  27  16  41  6.37  737695.6952126   40.8941   28.2103 11.56  1.46  0.336  20190927164032 11.18  A
20190927170902  2019   9  27  17   9  2.19  737695.7146087   40.8648   28.2915  8.88  1.24  0.509  20190926162341 13.54  A
20190927171813  2019   9  27  17  18 12.66  737695.7209799   40.8754   28.2271  7.09  1.21  0.434  20190927104504  9.70  A
20190927172215  2019   9  27  17  22 14.97  737695.7237844   40.8793   28.2256  7.19  1.14  0.396  20190926195605 10.43  A
20190927172259  2019   9  27  17  22 59.25  737695.7242969   40.8681   28.2956  5.92  1.46  0.471  20190927071107 11.45  A
20190927172832  2019   9  27  17  28 31.85  737695.7281464   40.8868   28.2264  5.81  1.20  0.447  20190929124934 13.67  A
20190927172928  2019   9  27  17  29 27.73  737695.7287932   40.8805   28.3134  5.95  1.29  0.347  20191017221136 11.23  A
20190927173841  2019   9  27  17  38 41.45  737695.7352020   40.8714   28.2967  5.50  1.79  0.782  20190926194348 23.11  A
20190927174027  2019   9  27  17  40 27.33  737695.7364274   40.8618   28.2377 13.08  1.25  0.227  20191019043023  9.27  A
20190927174443  2019   9  27  17  44 43.41  737695.7393913   40.8709   28.2970  4.79  1.12  0.461  20190929235259 15.42  A
20190927175415  2019   9  27  17  54 15.25  737695.7460098   40.8723   28.2950  5.64  1.43  0.615  20190926194348 18.19  A
20190927175915  2019   9  27  17  59 15.24  737695.7494819   40.8909   28.2098  2.95  1.23  0.251  20190926182052  9.30  A
20190927180540  2019   9  27  18   5 40.29  737695.7539385   40.8750   28.2882  5.64  1.29  0.608  20190928231808 19.85  A
20190927180906  2019   9  27  18   9  6.24  737695.7563222   40.8826   28.2249  7.58  1.30  0.478  20190926210055 11.97  A
20190927181458  2019   9  27  18  14 57.57  737695.7603885   40.8689   28.2806  4.94  1.23  0.366  20190928231808 11.95  A
20190927181948  2019   9  27  18  19 48.43  737695.7637550   40.8623   28.2951  3.65  1.06  0.252  20190929131829  9.03  A
20190927182916  2019   9  27  18  29 16.05  737695.7703247   40.8858   28.2184  8.70  1.07  0.277  20190928010822 10.69  A
20190927183006  2019   9  27  18  30  6.18  737695.7709049   40.8664   28.2942  8.42  1.03  0.409  20190926161229  9.80  A
20190927183507  2019   9  27  18  35  7.46  737695.7743919   40.8756   28.3085  1.61  1.08  0.259  20190927224431  9.08  A
20190927183844  2019   9  27  18  38 44.05  737695.7768987   40.8742   28.3028  2.45  1.55  0.316  20190927030524 10.16  A
20190927183859  2019   9  27  18  38 59.20  737695.7770741   40.8880   28.3219  3.94  1.54  0.298  20190926163525  9.37  A
20190927183916  2019   9  27  18  39 16.18  737695.7772706   40.8660   28.2568  5.95  1.48  0.314  20190929075821 10.66  A
20190927184030  2019   9  27  18  40 29.58  737695.7781201   40.8612   28.2699  6.28  1.19  0.338  20190930022601 10.00  A
20190927184207  2019   9  27  18  42  7.11  737695.7792490   40.8703   28.2906  9.75  1.23  0.366  20190929172724  9.49  A
20190927190549  2019   9  27  19   5 48.75  737695.7957031   40.8651   28.2916  3.87  1.11  0.400  20190929012753 10.57  A
20190927191016  2019   9  27  19  10 16.17  737695.7987983   40.8689   28.2940  4.16  1.64  0.560  20190929235259 18.75  A
20190927191911  2019   9  27  19  19 10.62  737695.8049840   40.8649   28.2731  4.64  1.10  0.384  20190927191017  9.03  A
20190927192248  2019   9  27  19  22 47.77  737695.8074973   40.8687   28.2957  4.52  1.44  0.574  20191001153405 17.51  A
20190927192320  2019   9  27  19  23 19.60  737695.8078657   40.8886   28.3077  8.09  1.30  0.382  20191017221136 12.33  A
20190927192608  2019   9  27  19  26  8.30  737695.8098183   40.8688   28.2976  1.96  1.13  0.270  20190926151822  9.93  A
20190927194547  2019   9  27  19  45 47.12  737695.8234620   40.8620   28.2833 10.10  1.35  0.532  20190926153115 12.22  A
20190927194617  2019   9  27  19  46 17.01  737695.8238080   40.8858   28.2184  8.70  1.08  0.251  20190928010822  9.67  A
20190927194733  2019   9  27  19  47 32.55  737695.8246823   40.8711   28.3049  3.70  1.19  0.501  20191001153405 15.27  A
20190927194742  2019   9  27  19  47 41.50  737695.8247859   40.8820   28.2349  6.13  1.21  0.272  20190926112254  9.16  A
20190927201546  2019   9  27  20  15 45.64  737695.8442782   40.8813   28.2264  7.63  1.67  0.589  20190926133343 15.93  A
20190927201631  2019   9  27  20  16 30.69  737695.8447997   40.8980   28.3112  7.47  1.08  0.313  20191007050013 11.50  A
20190927201949  2019   9  27  20  19 48.62  737695.8470905   40.8657   28.2562  5.48  1.05  0.299  20190929075821  9.98  A
20190927202604  2019   9  27  20  26  4.00  737695.8514352   40.8614   28.2831  5.52  1.87  1.000  20190927202604 35.15  A
20190927202611  2019   9  27  20  26 10.84  737695.8515144   40.8737   28.3116  1.40  1.87  0.274  20190927041649  9.20  A
20190927203757  2019   9  27  20  37 57.49  737695.8596932   40.8718   28.2964  5.43  1.50  0.613  20190927042346 16.46  A
20190927204226  2019   9  27  20  42 26.30  737695.8628044   40.8382   28.1484  7.14  1.44  0.267  20190429041206 10.18  A
20190927204241  2019   9  27  20  42 40.60  737695.8629699   40.8737   28.3024  5.11  1.61  0.271  20190929235259  9.08  A
20190927204309  2019   9  27  20  43  8.55  737695.8632934   40.8737   28.3024  5.11  1.52  0.273  20190929235259  9.55  A
20190927204324  2019   9  27  20  43 24.14  737695.8634738   40.8711   28.2999  1.49  1.63  0.287  20190926115126  9.54  A
20190927204329  2019   9  27  20  43 29.16  737695.8635319   40.8688   28.2976  1.96  1.63  0.260  20190926151822  9.56  A
20190927204527  2019   9  27  20  45 26.59  737695.8648911   40.8909   28.2098  2.95  1.29  0.256  20190926182052  9.49  A
20190927204543  2019   9  27  20  45 42.80  737695.8650787   40.8870   28.2169  8.25  1.39  0.601  20190929003110 17.97  A
20190927204730  2019   9  27  20  47 30.10  737695.8663206   40.8873   28.2021  9.97  1.15  0.258  20190928005925  9.37  A
20190927205640  2019   9  27  20  56 40.00  737695.8726852   40.8743   28.2547  8.26  2.28  1.000  20190927205640 35.63  A
20190927205648  2019   9  27  20  56 47.97  737695.8727774   40.8804   28.2292  8.41  2.28  0.377  20190926133343 10.18  A
20190927210345  2019   9  27  21   3 45.10  737695.8776053   40.8631   28.2861  5.54  1.16  0.236  20190930063518  9.16  A
20190927211047  2019   9  27  21  10 46.52  737695.8824829   40.8774   28.3089  3.37  1.73  0.398  20190926163525 12.51  A
20190927212535  2019   9  27  21  25 35.00  737695.8927662   40.8800   28.2230  6.19  1.73  1.000  20190927212535 24.75  A
20190927212541  2019   9  27  21  25 41.48  737695.8928412   40.8738   28.2984  2.25  1.73  0.283  20190926150644  9.42  A
20190927213327  2019   9  27  21  33 27.16  737695.8982310   40.8633   28.2776  6.31  1.30  0.298  20191009012951  9.30  A
20190927213427  2019   9  27  21  34 27.27  737695.8989267   40.8576   28.2752  5.01  1.21  0.504  20190926153853 11.73  A
20190927220313  2019   9  27  22   3 12.55  737695.9188953   40.8641   28.2919 10.36  1.15  0.342  20190926162341  9.09  A
20190927221158  2019   9  27  22  11 58.28  737695.9249801   40.8661   28.2795  6.45  1.16  0.408  20190928222002  9.88  A
20190927224242  2019   9  27  22  42 41.53  737695.9463140   40.8670   28.2837  5.31  1.62  0.401  20190927071107  9.76  A
20190927224431  2019   9  27  22  44 31.00  737695.9475810   40.8756   28.3085  1.61  2.35  1.000  20190927224431 45.71  A
20190927224633  2019   9  27  22  46 33.11  737695.9489943   40.8563   28.2618  7.01  1.11  0.455  20190930155146 12.38  C
20190927225145  2019   9  27  22  51 45.00  737695.9526042   40.8716   28.2999  0.98  1.42  1.000  20190927225145 20.35  A
20190927225329  2019   9  27  22  53 29.37  737695.9538122   40.8872   28.2159  6.35  1.18  0.605  20190930035815  9.99  A
20190927230934  2019   9  27  23   9 34.00  737695.9649769   40.8811   28.2136  7.48  1.96  1.000  20190927230934 33.68  A
20190927231046  2019   9  27  23  10 46.40  737695.9658148   40.8737   28.3024  5.11  1.15  0.283  20190929235259  9.49  A
20190927231214  2019   9  27  23  12 14.07  737695.9668295   40.8748   28.2896  5.55  1.54  0.664  20190929012753 17.57  A
20190927231616  2019   9  27  23  16 15.50  737695.9696238   40.8652   28.2720  8.62  1.35  0.743  20190929075821 25.21  A
20190927232409  2019   9  27  23  24  8.62  737695.9750998   40.8766   28.2592  7.57  1.13  0.369  20191008083347 14.32  A
20190927232418  2019   9  27  23  24 18.00  737695.9752083   40.8737   28.3024  5.11  1.13  0.295  20190929235259  9.86  A
20190927233816  2019   9  27  23  38 16.37  737695.9849117   40.8785   28.2374  6.17  1.31  0.474  20190926210055 11.86  A
20190927234124  2019   9  27  23  41 24.00  737695.9870833   40.8457   28.2606  4.05  1.61  1.000  20190927234124 19.34  B
20190927234336  2019   9  27  23  43 35.51  737695.9886054   40.8617   28.2851  4.75  1.34  0.280  20190928231808  9.13  A
20190927234528  2019   9  27  23  45 28.43  737695.9899124   40.8909   28.2098  2.95  1.14  0.265  20190926182052 12.19  A
20190927235039  2019   9  27  23  50 38.53  737695.9935015   40.8514   28.2522 13.59  1.15  0.264  20191012181619  9.78  A
20190927235324  2019   9  27  23  53 23.52  737695.9954111   40.8530   28.2670  6.57  1.37  0.499  20190927234124  9.66  A
20190927235806  2019   9  27  23  58  6.00  737695.9986806   40.8743   28.2400  5.00  1.95  1.000  20190927235806 33.46  A
20190927235819  2019   9  27  23  58 19.10  737695.9988322   40.8736   28.2932  7.68  1.95  0.391  20190926114252  9.69  A
20190928000730  2019   9  28   0   7 29.78  737696.0052058   40.8818   28.2191  5.80  1.11  0.476  20190930035815  9.77  A
20190928002503  2019   9  28   0  25  3.08  737696.0173968   40.8603   28.2773  3.41  1.22  0.406  20190928071844 10.02  A
20190928003139  2019   9  28   0  31 39.27  737696.0219823   40.8686   28.2984  3.84  1.42  0.700  20190926151822 28.34  A
20190928003642  2019   9  28   0  36 41.89  737696.0254848   40.8694   28.2986  3.69  1.72  0.606  20190927042346 16.01  A
20190928004823  2019   9  28   0  48 23.33  737696.0336034   40.8712   28.2817  4.52  1.33  0.637  20190926214553 16.23  A
20190928004901  2019   9  28   0  49  0.94  737696.0340387   40.8638   28.2863  8.94  1.36  0.685  20190927071107 16.43  A
20190928005322  2019   9  28   0  53 22.00  737696.0370602   40.8578   28.2666  6.22  2.19  1.000  20190928005322 38.22  A
20190928005923  2019   9  28   0  59 23.47  737696.0412439   40.8840   28.2212  7.92  2.41  0.523  20190926190958 15.09  A
20190928010822  2019   9  28   1   8 22.00  737696.0474769   40.8858   28.2184  8.70  2.04  1.000  20190928010822 38.01  A
20190928011311  2019   9  28   1  13 11.26  737696.0508248   40.8716   28.3157  1.94  1.08  0.265  20190928051848  9.02  A
20190928011538  2019   9  28   1  15 37.59  737696.0525184   40.8738   28.3066  3.37  1.12  0.358  20190929235259 11.79  A
20190928012430  2019   9  28   1  24 29.71  737696.0586772   40.8845   28.2186  8.43  1.09  0.308  20190928220932  9.72  A
20190928013215  2019   9  28   1  32 14.64  737696.0640583   40.8697   28.2690  4.77  1.58  0.465  20190929235259 15.30  A
20190928013327  2019   9  28   1  33 27.00  737696.0648958   40.8649   28.2571  4.14  2.07  1.000  20190928013327 34.48  A
20190928013838  2019   9  28   1  38 38.00  737696.0684954   40.8785   28.2170  4.64  2.23  1.000  20190928013838 32.24  A
20190928014554  2019   9  28   1  45 54.00  737696.0735417   40.8910   28.2560  4.78  1.26  1.000  20190928014554 20.04  A
20190928014831  2019   9  28   1  48 30.50  737696.0753530   40.8659   28.2887  7.41  1.13  0.337  20190612113757 10.88  A
20190928014948  2019   9  28   1  49 48.06  737696.0762507   40.8824   28.2279 13.16  1.20  0.396  20190929034155  9.12  A
20190928020243  2019   9  28   2   2 43.37  737696.0852242   40.8712   28.2992  4.75  1.28  0.480  20190929235259 15.80  A
20190928020251  2019   9  28   2   2 51.39  737696.0853170   40.8766   28.2656  5.04  1.28  0.357  20190926120025 11.07  A
20190928020408  2019   9  28   2   4  7.57  737696.0861987   40.8798   28.3189  3.44  1.49  0.685  20190926163525 20.83  A
20190928020536  2019   9  28   2   5 35.57  737696.0872172   40.8638   28.2911  8.21  1.23  0.675  20190929131829 23.22  A
20190928021346  2019   9  28   2  13 46.44  737696.0928986   40.8689   28.2608  5.48  1.23  0.673  20190929053611 16.21  A
20190928022308  2019   9  28   2  23  8.13  737696.0993997   40.8716   28.3019  3.39  1.09  0.455  20190926214553 11.59  A
20190928024228  2019   9  28   2  42 27.87  737696.1128226   40.8613   28.2858  4.01  1.10  0.288  20190928003642  9.47  A
20190928025514  2019   9  28   2  55 14.17  737696.1216918   40.8680   28.2610  5.68  1.88  0.546  20190926120025 16.91  A
20190928031939  2019   9  28   3  19 39.23  737696.1386485   40.8774   28.2601  7.23  1.25  0.316  20191008083347 12.01  A
20190928032043  2019   9  28   3  20 42.64  737696.1393824   40.8845   28.2998  7.19  1.31  0.894  20190927211047 23.04  A
20190928032539  2019   9  28   3  25 39.38  737696.1428169   40.8746   28.2908  5.30  1.15  0.473  20190929012753 12.59  A
20190928032551  2019   9  28   3  25 50.72  737696.1429481   40.8658   28.2554  5.41  1.15  0.302  20190929075821  9.89  A
20190928032719  2019   9  28   3  27 18.55  737696.1439647   40.8659   28.2565  5.43  1.54  0.471  20190929053611 11.34  A
20190928032921  2019   9  28   3  29 21.34  737696.1453859   40.8873   28.2021  9.97  1.22  0.273  20190928005925  9.72  A
20190928032930  2019   9  28   3  29 30.24  737696.1454889   40.8680   28.2973  3.92  1.22  0.537  20190926151822 19.07  A
20190928033113  2019   9  28   3  31 13.09  737696.1466793   40.8880   28.2197  6.78  1.08  0.250  20191113192436  9.59  A
20190928034531  2019   9  28   3  45 31.15  737696.1566105   40.8628   28.2868 12.78  1.50  0.361  20190926162341  9.29  A
20190928035507  2019   9  28   3  55  6.50  737696.1632697   40.8699   28.2995  4.12  1.45  0.456  20190929235259 15.00  A
20190928035757  2019   9  28   3  57 56.59  737696.1652383   40.8867   28.2257  6.06  1.17  0.360  20190929124934 10.92  A
20190928040321  2019   9  28   4   3 21.22  737696.1689956   40.8616   28.2672  5.71  1.20  0.464  20190929141354  9.54  A
20190928040716  2019   9  28   4   7 16.30  737696.1717164   40.8670   28.2631  5.41  1.33  0.763  20190929053611 18.40  A
20190928041055  2019   9  28   4  10 55.00  737696.1742477   40.8500   28.2653  5.33  1.92  1.000  20190928041055 31.39  A
20190928041104  2019   9  28   4  11  3.68  737696.1743481   40.8756   28.3085  1.61  1.92  0.235  20190927224431 10.10  A
20190928041716  2019   9  28   4  17 16.00  737696.1786574   40.8725   28.2731  2.89  1.25  0.245  20190929023956  9.26  A
20190928042027  2019   9  28   4  20 27.48  737696.1808736   40.8662   28.2536  5.76  1.42  0.239  20191001043249  9.42  A
20190928042143  2019   9  28   4  21 43.39  737696.1817522   40.8596   28.2783  7.36  1.67  0.213  20190926155038  9.37  A
20190928045532  2019   9  28   4  55 31.92  737696.2052306   40.8823   28.2215  7.89  1.35  0.548  20190926133343 14.42  A
20190928051421  2019   9  28   5  14 21.49  737696.2183043   40.8691   28.2801  4.89  1.89  0.471  20190926214553 12.00  A
20190928051847  2019   9  28   5  18 47.48  737696.2213829   40.8712   28.3071  3.66  2.03  0.700  20190927103926 18.00  A
20190928052548  2019   9  28   5  25 48.45  737696.2262552   40.8701   28.3023  3.78  2.42  0.554  20191001153405 16.33  A
20190928052558  2019   9  28   5  25 57.56  737696.2263606   40.8662   28.2536  5.76  2.42  0.335  20191001043249 10.14  A
20190928052946  2019   9  28   5  29 45.82  737696.2290025   40.8820   28.2336  7.64  1.35  0.289  20190930152451 11.68  A
20190928053224  2019   9  28   5  32 24.31  737696.2308369   40.8625   28.2902  4.03  1.35  0.314  20190926183953  9.01  A
20190928053847  2019   9  28   5  38 46.60  737696.2352616   40.8603   28.2773  3.41  1.35  0.437  20190928071844 10.77  A
20190928054249  2019   9  28   5  42 48.96  737696.2380667   40.8661   28.2569  5.41  1.38  0.620  20190929053611 14.95  A
20190928054532  2019   9  28   5  45 31.72  737696.2399505   40.8809   28.2409  5.09  1.74  0.620  20190926210055 15.59  A
20190928055200  2019   9  28   5  52  0.30  737696.2444479   40.8715   28.3019  1.82  1.45  0.296  20190926151822 10.52  A
20190928055714  2019   9  28   5  57 14.00  737696.2480787   40.8919   28.2243  8.52  2.12  1.000  20190928055714 36.02  A
20190928061013  2019   9  28   6  10 12.89  737696.2570936   40.8818   28.2422  8.51  1.33  0.221  20190926200621  9.29  A
20190928062053  2019   9  28   6  20 53.34  737696.2645063   40.8725   28.2964  5.53  1.67  0.722  20190926194348 21.10  A
20190928064357  2019   9  28   6  43 56.97  737696.2805205   40.8583   28.2814  6.51  1.42  0.249  20190927231215  9.10  A
20190928064446  2019   9  28   6  44 45.50  737696.2810822   40.8578   28.2666  6.22  1.37  0.245  20190928005322  9.18  A
20190928064534  2019   9  28   6  45 33.56  737696.2816384   40.8622   28.2762 11.43  1.36  0.210  20191015122344  9.08  A
20190928064860  2019   9  28   6  48 59.81  737696.2840256   40.8622   28.2762 11.43  1.31  0.213  20191015122344  9.20  A
20190928065445  2019   9  28   6  54 44.75  737696.2880179   40.8679   28.3077  5.23  1.43  0.393  20190926170331 11.00  A
20190928065929  2019   9  28   6  59 29.48  737696.2913134   40.8711   28.2999  1.49  1.41  0.224  20190926115126  9.21  A
20190928070631  2019   9  28   7   6 31.13  737696.2961936   40.8789   28.2320  6.90  1.31  0.401  20190929034155  9.23  A
20190928070718  2019   9  28   7   7 17.79  737696.2967337   40.8444   28.2600  6.14  1.27  0.347  20190929074833 10.73  B
20190928071350  2019   9  28   7  13 50.18  737696.3012752   40.8810   28.2250  6.95  1.47  0.512  20190924073049 12.99  A
20190928071410  2019   9  28   7  14  9.88  737696.3015032   40.8804   28.2115  3.50  1.41  0.328  20190926113913  9.08  A
20190928071844  2019   9  28   7  18 43.58  737696.3046711   40.8626   28.2765  4.75  1.62  0.432  20190929024651 11.01  A
20190928074753  2019   9  28   7  47 53.25  737696.3249219   40.8705   28.3213  3.67  1.87  0.389  20190926170331 10.88  A
20190928075511  2019   9  28   7  55 10.93  737696.3299876   40.8573   28.2380  6.51  1.53  0.308  20190927082817 10.11  A
20190928075636  2019   9  28   7  56 35.74  737696.3309692   40.8415   28.1384  6.00  1.74  0.341  20190509183813 10.36  B
20190928080007  2019   9  28   8   0  7.04  737696.3334148   40.8601   28.2804  5.99  1.41  0.780  20190928071844 19.24  A
20190928080151  2019   9  28   8   1 50.65  737696.3346140   40.8590   28.2781  4.35  1.48  0.549  20190928071844 13.55  A
20190928081620  2019   9  28   8  16 19.70  737696.3446725   40.8853   28.2244  6.11  1.29  0.382  20190929124934 11.59  A
20190928082131  2019   9  28   8  21 31.43  737696.3482804   40.8594   28.2723  4.70  1.29  0.395  20190928005322 15.08  A
20190928082933  2019   9  28   8  29 32.67  737696.3538503   40.8817   28.2266  7.41  1.54  0.465  20190926112254 11.86  A
20190928083820  2019   9  28   8  38 19.96  737696.3599532   40.8786   28.3198  8.59  1.60  0.328  20191005065248 10.08  A
20190928083934  2019   9  28   8  39 34.14  737696.3608118   40.8604   28.2782  4.79  1.22  0.223  20191014084143  9.05  A
20190928084031  2019   9  28   8  40 30.77  737696.3614672   40.8775   28.2313  6.92  1.55  0.624  20190926112254 15.91  A
20190928084129  2019   9  28   8  41 29.00  737696.3621412   40.8752   28.3139  3.46  2.21  1.000  20190928084129 37.23  A
20190928084219  2019   9  28   8  42 19.02  737696.3627201   40.8752   28.3139  3.46  1.47  0.252  20190928084129  9.60  A
20190928084537  2019   9  28   8  45 37.11  737696.3650128   40.8657   28.3037  3.21  1.48  0.251  20190926111859  9.02  A
20190928084930  2019   9  28   8  49 30.44  737696.3677134   40.8745   28.3091  3.58  1.28  0.340  20190928084129 10.53  A
20190928085609  2019   9  28   8  56  9.08  737696.3723273   40.8564   28.2645  7.96  1.45  0.385  20190927093326 11.62  A
20190928091308  2019   9  28   9  13  8.07  737696.3841212   40.8649   28.2894  9.84  1.35  0.705  20190926162341 18.13  A
20190928091447  2019   9  28   9  14 46.95  737696.3852656   40.8718   28.2448  8.32  1.33  0.526  20190926210055 13.23  A
20190928091638  2019   9  28   9  16 37.77  737696.3865483   40.8829   28.2131  0.95  1.28  0.368  20190929155318 11.58  A
20190928091752  2019   9  28   9  17 51.62  737696.3874030   40.8627   28.2671  5.18  1.23  0.345  20190929141354  9.49  A
20190928092500  2019   9  28   9  25  0.00  737696.3923611   40.8592   28.2769  4.70  1.28  0.616  20190928071844 15.18  A
20190928092810  2019   9  28   9  28  9.63  737696.3945559   40.8578   28.2666  6.22  1.20  0.248  20190928005322  9.30  A
20190928093321  2019   9  28   9  33 20.85  737696.3981580   40.8684   28.2917 10.30  1.34  0.348  20191003154641  9.06  A
20190928093732  2019   9  28   9  37 32.17  737696.4010668   40.8620   28.2702 14.47  1.34  0.210  20191014084444  9.03  A
20190928095119  2019   9  28   9  51 19.04  737696.4106370   40.8694   28.2450  4.95  1.22  0.263  20190924105652  9.34  A
20190928095531  2019   9  28   9  55 31.11  737696.4135545   40.8622   28.2903  3.90  1.25  0.261  20190926155219  9.40  A
20190928100936  2019   9  28  10   9 35.82  737696.4233312   40.8622   28.2762 11.43  1.22  0.227  20191015122344  9.79  A
20190928101803  2019   9  28  10  18  2.56  737696.4291963   40.8626   28.2877  2.30  1.23  0.226  20190929152424  9.03  A
20190928102434  2019   9  28  10  24 33.98  737696.4337266   40.8415   28.1384  6.00  1.87  0.320  20190509183813  9.72  B
20190928102452  2019   9  28  10  24 51.90  737696.4339340   40.8577   28.3339 10.52  1.85  0.281  20190926152435  9.16  B
20190928102541  2019   9  28  10  25 41.00  737696.4345023   40.8757   28.2537  4.99  1.58  0.236  20190926152531  9.11  A
20190928103149  2019   9  28  10  31 49.02  737696.4387618   40.8784   28.2173  3.70  1.18  0.340  20190925130758  9.14  A
20190928103843  2019   9  28  10  38 42.99  737696.4435531   40.8662   28.3040  5.62  1.31  0.257  20190926182643  9.13  A
20190928104132  2019   9  28  10  41 31.50  737696.4455035   40.8661   28.3041  6.01  1.85  0.276  20190926164919 10.50  A
20190928104231  2019   9  28  10  42 31.14  737696.4461938   40.8851   28.2163  7.61  1.37  0.590  20190927162011  9.78  A
20190928104417  2019   9  28  10  44 17.49  737696.4474247   40.8622   28.2762 11.43  1.27  0.215  20191015122344  9.31  A
20190928104644  2019   9  28  10  46 44.38  737696.4491248   40.8737   28.2520  5.32  1.79  0.556  20190927235806 18.51  A
20190928105702  2019   9  28  10  57  1.56  737696.4562681   40.8860   28.2192  5.65  1.33  0.390  20190929003110 11.56  A
20190928110303  2019   9  28  11   3  3.00  737696.4604514   40.8638   28.2947  6.19  3.80  1.000  20190928110303 32.58  A
20190928110327  2019   9  28  11   3 26.98  737696.4607289   40.8787   28.2701  9.30  3.38  0.303  20190926121709  9.01  A
20190928110951  2019   9  28  11   9 50.77  737696.4651709   40.8589   28.2811  7.36  1.81  0.217  20190926212345  9.36  A
20190928111016  2019   9  28  11  10 15.50  737696.4654572   40.8708   28.3021  3.60  1.88  0.475  20190926151822 16.87  A
20190928111400  2019   9  28  11  14  0.18  737696.4680576   40.8826   28.2284  8.09  1.21  0.268  20190924112246  9.53  A
20190928111628  2019   9  28  11  16 27.86  737696.4697669   40.8667   28.2941  8.26  1.23  0.488  20190926204619 12.43  A
20190928112218  2019   9  28  11  22 17.99  737696.4738193   40.8640   28.2938  4.04  1.32  0.395  20190929131829 13.59  A
20190928113053  2019   9  28  11  30 53.22  737696.4797826   40.8574   28.2821 15.17  1.97  0.379  20190926162341  9.74  A
20190928113131  2019   9  28  11  31 30.90  737696.4802187   40.8909   28.2098  2.95  1.90  0.285  20190926182052 10.25  A
20190928113814  2019   9  28  11  38 13.71  737696.4848809   40.8589   28.2811  7.36  1.95  0.225  20190926212345  9.36  A
20190928114112  2019   9  28  11  41 12.33  737696.4869483   40.8743   28.2562  7.02  1.21  0.316  20190926140751 10.33  A
20190928120320  2019   9  28  12   3 20.43  737696.5023198   40.8622   28.2762 11.43  1.21  0.216  20191015122344  9.31  A
20190928120509  2019   9  28  12   5  9.28  737696.5035796   40.8627   28.2671  5.18  1.28  0.330  20190929141354  9.09  A
20190928121160  2019   9  28  12  11 59.90  737696.5083322   40.8706   28.3086  0.99  1.39  0.396  20190926204619 10.07  A
20190928121701  2019   9  28  12  17  0.59  737696.5118124   40.8647   28.2909  7.89  1.52  0.538  20190929131829 18.50  A
20190928122235  2019   9  28  12  22 35.07  737696.5156837   40.8597   28.2648  6.31  1.41  0.447  20190929141354  9.18  A
20190928122429  2019   9  28  12  24 29.24  737696.5170051   40.8447   28.3656  8.22  1.49  0.206  20200102111840  9.00  B
20190928122644  2019   9  28  12  26 43.54  737696.5185595   40.8726   28.2696  5.41  1.41  0.657  20190926145219 18.33  A
20190928122754  2019   9  28  12  27 53.61  737696.5193705   40.8763   28.2345  2.61  1.30  0.448  20190924150510 12.44  A
20190928122825  2019   9  28  12  28 24.78  737696.5197313   40.8917   28.2217  5.54  1.30  0.310  20200112045448  9.87  A
20190928123456  2019   9  28  12  34 56.19  737696.5242615   40.8762   28.2773  3.61  1.87  0.369  20190926210055  9.27  A
20190928123826  2019   9  28  12  38 25.94  737696.5266891   40.8560   28.2624 10.79  1.26  0.272  20190926153921  9.06  A
20190928123841  2019   9  28  12  38 41.01  737696.5268635   40.8804   28.2093  7.50  1.24  0.271  20190926135701  9.77  A
20190928124016  2019   9  28  12  40 15.98  737696.5279627   40.8785   28.2238  4.83  1.94  0.235  20190926115346  9.00  A
20190928124052  2019   9  28  12  40 52.13  737696.5283811   40.8804   28.2407  5.67  1.90  0.201  20191020210046  9.90  A
20190928124545  2019   9  28  12  45 44.68  737696.5317671   40.8839   28.2336  2.44  1.33  0.259  20190924124239  9.10  A
20190928125840  2019   9  28  12  58 40.43  737696.5407457   40.8757   28.2537  4.99  1.44  0.239  20190926152531  9.23  A
20190928132050  2019   9  28  13  20 49.86  737696.5561326   40.8574   28.2821 15.17  1.31  0.370  20190926162341  9.51  A
20190928132719  2019   9  28  13  27 18.69  737696.5606330   40.8447   28.3656  8.22  1.34  0.217  20200102111840  9.48  B
20190928132759  2019   9  28  13  27 59.27  737696.5611027   40.8661   28.2904  4.67  1.63  0.562  20190927071107 13.49  A
20190928133240  2019   9  28  13  32 40.13  737696.5643534   40.8708   28.2979  2.07  1.73  0.520  20190927020458 12.54  A
20190928134839  2019   9  28  13  48 39.45  737696.5754566   40.8831   28.2216  8.16  1.70  0.622  20190927033740 16.84  A
20190928135306  2019   9  28  13  53  6.19  737696.5785439   40.8825   28.2232  7.42  1.59  0.735  20190927230934 16.14  A
20190928135402  2019   9  28  13  54  2.15  737696.5791916   40.8722   28.2398  7.16  1.54  0.367  20190926210055  9.22  A
20190928140130  2019   9  28  14   1 29.87  737696.5843735   40.8804   28.2407  5.67  1.86  0.184  20191020210046  9.08  A
20190928140210  2019   9  28  14   2 10.15  737696.5848397   40.8415   28.1384  6.00  1.68  0.304  20190509183813  9.23  B
20190928141012  2019   9  28  14  10 12.29  737696.5904200   40.8580   28.2679 12.06  1.95  0.359  20190929172724  9.01  A
20190928141113  2019   9  28  14  11 13.38  737696.5911271   40.8444   28.2600  6.14  1.29  0.210  20190929074833  9.20  B
20190928142634  2019   9  28  14  26 34.16  737696.6017843   40.8777   28.2613  7.23  1.36  0.244  20191008083347  9.29  A
20190928142839  2019   9  28  14  28 39.00  737696.6032292   40.8844   28.2291  9.64  2.95  1.000  20190928142839 37.07  A
20190928145006  2019   9  28  14  50  6.20  737696.6181273   40.8653   28.3115  8.75  1.18  0.333  20190926152435 10.87  B
20190928145558  2019   9  28  14  55 58.45  737696.6222043   40.8809   28.2341  7.93  1.26  0.262  20191020205158  9.63  A
20190928150020  2019   9  28  15   0 20.16  737696.6252333   40.8707   28.3040  3.41  1.28  0.405  20191001153405 11.92  A
20190928150528  2019   9  28  15   5 28.41  737696.6288010   40.8652   28.2367 10.13  1.50  0.206  20191019042955  9.26  A
20190928150558  2019   9  28  15   5 57.95  737696.6291429   40.8715   28.3118  2.75  1.49  0.215  20190927064555  9.13  A
20190928151013  2019   9  28  15  10 12.73  737696.6320918   40.8823   28.2256  7.13  1.63  0.498  20190929034155 11.48  A
20190928152028  2019   9  28  15  20 28.25  737696.6392159   40.8811   28.2271  6.80  1.32  0.421  20190927023537 10.90  A
20190928152136  2019   9  28  15  21 36.30  737696.6400035   40.8737   28.3024  5.11  1.37  0.281  20190929235259  9.60  A
20190928152508  2019   9  28  15  25  8.33  737696.6424575   40.8822   28.2193  9.17  1.21  0.474  20190927104504 10.41  A
20190928153050  2019   9  28  15  30 49.60  737696.6464074   40.8682   28.3069  2.33  1.17  0.262  20190926234806  9.20  A
20190928153527  2019   9  28  15  35 26.69  737696.6496145   40.8574   28.2821 15.17  1.11  0.357  20190926162341  9.19  A
20190928153625  2019   9  28  15  36 25.03  737696.6502897   40.8573   28.2380  6.51  1.10  0.221  20190927082817  9.33  A
20190928155829  2019   9  28  15  58 29.19  737696.6656156   40.8738   28.2984  2.25  1.24  0.253  20190926150644  9.37  A
20190928160147  2019   9  28  16   1 46.72  737696.6679019   40.8840   28.2261  6.38  1.22  0.275  20190926194545  9.27  A
20190928160716  2019   9  28  16   7 16.02  737696.6717132   40.8682   28.3069  2.33  1.29  0.262  20190926234806  9.39  A
20190928164521  2019   9  28  16  45 20.51  737696.6981541   40.8629   28.2768  5.43  1.33  0.390  20190930001527  9.05  A
20190928175510  2019   9  28  17  55 10.44  737696.7466486   40.8668   28.2936  9.65  1.55  0.388  20190926161229  9.05  A
20190928175524  2019   9  28  17  55 23.69  737696.7468020   40.8677   28.2943  4.43  1.55  0.318  20190926115126 10.25  A
20190928181653  2019   9  28  18  16 53.48  737696.7617301   40.8764   28.2303  7.70  1.40  0.583  20190929034155 13.41  A
20190928182700  2019   9  28  18  27  0.34  737696.7687539   40.8790   28.2419  5.27  1.10  0.364  20190926210055  9.14  A
20190928182708  2019   9  28  18  27  7.91  737696.7688416   40.8698   28.3000  5.86  1.10  0.290  20190930134355  9.20  A
20190928183141  2019   9  28  18  31 40.59  737696.7719976   40.8806   28.3103  6.09  1.18  0.389  20191017221136 12.41  A
20190928183945  2019   9  28  18  39 45.40  737696.7776088   40.8830   28.2200  6.53  1.40  0.621  20190926224043 11.63  A
20190928184906  2019   9  28  18  49  6.00  737696.7840972   40.8808   28.2240  6.69  2.42  1.000  20190928184906 38.26  A
20190928192747  2019   9  28  19  27 46.71  737696.8109573   40.8822   28.2223  8.36  1.20  0.408  20190926133343 10.73  A
20190928194348  2019   9  28  19  43 48.00  737696.8220833   40.8565   28.2768  3.01  2.08  1.000  20190928194348 41.01  A
20190928194357  2019   9  28  19  43 57.22  737696.8221900   40.8756   28.3085  1.61  2.08  0.214  20190927224431  9.19  A
20190928195007  2019   9  28  19  50  7.45  737696.8264751   40.8815   28.2291 11.14  1.10  0.420  20190929034155  9.67  A
20190928201153  2019   9  28  20  11 53.23  737696.8415883   40.8595   28.2911  4.35  1.15  0.372  20190930182550 11.08  A
20190928212603  2019   9  28  21  26  2.87  737696.8930888   40.8805   28.2621  6.72  1.09  0.482  20191005042312 14.87  A
20190928212725  2019   9  28  21  27 25.44  737696.8940444   40.8616   28.2747  5.40  1.14  0.499  20190930022601 14.54  A
20190928213315  2019   9  28  21  33 14.73  737696.8980872   40.8656   28.2933  8.82  1.48  0.799  20191003154641 20.84  A
20190928215644  2019   9  28  21  56 43.83  737696.9143962   40.8821   28.1938  7.72  1.20  0.220  20191118225924  9.43  A
20190928220932  2019   9  28  22   9 32.00  737696.9232870   40.8879   28.2235  7.64  1.78  1.000  20190928220932 31.43  A
20190928222002  2019   9  28  22  20  2.00  737696.9305787   40.8703   28.2826  7.40  1.50  1.000  20190928222002 23.52  A
20190928223705  2019   9  28  22  37  5.00  737696.9424190   40.8761   28.2604  7.04  1.91  1.000  20190928223705 34.45  A
20190928223828  2019   9  28  22  38 27.52  737696.9433741   40.8526   28.2706  4.61  1.06  0.461  20190926152806 10.81  A
20190928224202  2019   9  28  22  42  1.83  737696.9458545   40.8609   28.2863 12.01  1.16  0.555  20190930155146 14.62  A
20190928231808  2019   9  28  23  18  8.00  737696.9709259   40.8617   28.2851  4.75  1.89  1.000  20190928231808 46.08  A
20190928231816  2019   9  28  23  18 15.90  737696.9710174   40.8589   28.2811  7.36  1.89  0.224  20190926212345  9.65  A
20190928231833  2019   9  28  23  18 32.75  737696.9712124   40.8671   28.2751  5.44  1.68  0.656  20190928231808 20.78  A
20190928235415  2019   9  28  23  54 15.04  737696.9960074   40.8780   28.2097  9.47  1.12  0.332  20191009143122  9.10  B
20190928235758  2019   9  28  23  57 57.50  737696.9985822   40.8560   28.2674  5.93  1.19  0.501  20190928041055 15.72  A
20190929002304  2019   9  29   0  23  3.74  737697.0160155   40.8663   28.2572  6.32  0.94  0.377  20190929075821 11.01  A
20190929003110  2019   9  29   0  31 10.00  737697.0216435   40.8852   28.2173  6.04  1.80  1.000  20190929003110 27.97  A
20190929005034  2019   9  29   0  50 34.45  737697.0351209   40.8611   28.2856  4.26  0.93  0.239  20190929012753  9.08  A
20190929012514  2019   9  29   1  25 14.00  737697.0591898   40.8837   28.2201 11.54  1.44  1.000  20190929012514 19.91  A
20190929012753  2019   9  29   1  27 53.00  737697.0610301   40.8605   28.2861  3.82  1.64  1.000  20190929012753 38.06  A
20190929014855  2019   9  29   1  48 55.00  737697.0756366   40.8720   28.2522  3.05  1.76  1.000  20190929014855 26.62  A
20190929015827  2019   9  29   1  58 26.90  737697.0822558   40.8827   28.2249  7.37  1.35  0.643  20190929034155 13.28  A
20190929015947  2019   9  29   1  59 46.79  737697.0831804   40.8824   28.2403  5.99  1.29  0.452  20190925102453  9.91  A
20190929020913  2019   9  29   2   9 13.05  737697.0897344   40.8658   28.2647  6.58  2.00  0.876  20190929075821 25.58  A
20190929022157  2019   9  29   2  21 57.00  737697.0985764   40.8670   28.2586  7.43  2.48  1.000  20190929022157 28.51  A
20190929022637  2019   9  29   2  26 37.11  737697.1018184   40.8603   28.2773  3.41  1.11  0.374  20190928071844  9.24  A
20190929023956  2019   9  29   2  39 56.00  737697.1110648   40.8725   28.2731  2.89  1.68  1.000  20190929023956 35.52  A
20190929024047  2019   9  29   2  40 46.73  737697.1116520   40.8530   28.2686  5.60  1.03  0.637  20190928194348 23.44  A
20190929024503  2019   9  29   2  45  2.86  737697.1146164   40.8880   28.3037  9.11  1.02  0.466  20191002185417  9.10  A
20190929024651  2019   9  29   2  46 51.00  737697.1158681   40.8611   28.2746  3.83  1.43  1.000  20190929024651 24.43  A
20190929025544  2019   9  29   2  55 43.96  737697.1220366   40.8857   28.2162  6.91  0.90  0.313  20190926115844  9.31  A
20190929030858  2019   9  29   3   8 57.85  737697.1312251   40.8703   28.2975  5.24  0.95  0.430  20191001015612 11.90  A
20190929032249  2019   9  29   3  22 49.05  737697.1408455   40.8835   28.2194  7.87  1.01  0.519  20190927091528  9.23  A
20190929033254  2019   9  29   3  32 53.58  737697.1478424   40.8831   28.2217  6.99  1.17  0.683  20190929124934 18.75  A
20190929033525  2019   9  29   3  35 25.00  737697.1495949   40.8663   28.2944  3.70  1.28  1.000  20190929033525 24.69  A
20190929034118  2019   9  29   3  41 18.31  737697.1536841   40.8826   28.2333  6.63  1.32  0.771  20190929034155 15.92  A
20190929034155  2019   9  29   3  41 54.69  737697.1541052   40.8811   28.2261  7.44  2.06  0.715  20190926113402 14.79  A
20190929043006  2019   9  29   4  30  6.34  737697.1875734   40.8737   28.3024  5.11  1.01  0.310  20190929235259  9.29  A
20190929043555  2019   9  29   4  35 55.21  737697.1916112   40.8737   28.3024  5.11  1.17  0.304  20190929235259  9.66  A
20190929043605  2019   9  29   4  36  4.76  737697.1917218   40.8737   28.3024  5.11  1.17  0.298  20190929235259  9.46  A
20190929044252  2019   9  29   4  42 51.72  737697.1964319   40.8500   28.2653  5.33  1.59  0.422  20190928041055 12.08  A
20190929050745  2019   9  29   5   7 44.99  737697.2137152   40.8589   28.2811  7.36  1.10  0.239  20190926212345  9.20  A
20190929051140  2019   9  29   5  11 40.00  737697.2164352   40.8757   28.2540  7.23  2.15  1.000  20190929051140 34.26  A
20190929053145  2019   9  29   5  31 45.42  737697.2303868   40.8600   28.2839  5.17  1.20  0.348  20190929012753 13.24  A
20190929053611  2019   9  29   5  36 11.00  737697.2334606   40.8670   28.2548  5.53  1.66  1.000  20190929053611 21.48  A
20190929053922  2019   9  29   5  39 22.18  737697.2356734   40.8384   28.3515  9.47  1.32  0.279  20191007013232  9.20  B
20190929054259  2019   9  29   5  42 59.04  737697.2381833   40.8642   28.2886  7.43  1.20  0.344  20190927103230  9.58  A
20190929054333  2019   9  29   5  43 33.29  737697.2385797   40.8611   28.2746  3.83  1.24  0.380  20190929024651  9.13  A
20190929055437  2019   9  29   5  54 36.93  737697.2462608   40.8724   28.2982  5.23  2.12  0.781  20190926151822 25.01  A
20190929060931  2019   9  29   6   9 30.93  737697.2566080   40.8774   28.2603  3.34  1.48  0.300  20190927030211  9.43  A
20190929061416  2019   9  29   6  14 16.09  737697.2599084   40.8577   28.3339 10.52  1.13  0.330  20190926152435  9.91  B
20190929062654  2019   9  29   6  26 53.93  737697.2686797   40.8556   28.2722  4.22  1.26  0.471  20190929074833 18.86  B
20190929063052  2019   9  29   6  30 52.00  737697.2714352   40.8833   28.2145  7.49  1.71  1.000  20190929063052 27.04  A
20190929063100  2019   9  29   6  31  0.31  737697.2715314   40.8661   28.3041  6.01  1.71  0.272  20190926164919  9.52  A
20190929064009  2019   9  29   6  40  8.77  737697.2778793   40.8672   28.2972  4.91  1.95  0.481  20190927111346  9.81  A
20190929064819  2019   9  29   6  48 18.80  737697.2835509   40.8737   28.3024  5.11  1.96  0.297  20190929235259  9.43  A
20190929065133  2019   9  29   6  51 32.55  737697.2857934   40.8674   28.2824  5.87  1.26  0.356  20190930223904  9.33  A
20190929071422  2019   9  29   7  14 21.99  737697.3016434   40.8817   28.2570  1.86  1.33  0.345  20190926151310  9.80  A
20190929074833  2019   9  29   7  48 33.00  737697.3253819   40.8444   28.2600  6.14  1.85  1.000  20190929074833 40.04  B
20190929075821  2019   9  29   7  58 21.00  737697.3321875   40.8657   28.2562  5.48  2.30  1.000  20190929075821 29.20  A
20190929081929  2019   9  29   8  19 29.20  737697.3468657   40.8795   28.2348  4.55  1.62  0.441  20191007042031 11.90  A
20190929084451  2019   9  29   8  44 51.31  737697.3644828   40.8738   28.2984  2.25  1.23  0.271  20190926150644  9.17  A
20190929084701  2019   9  29   8  47  0.98  737697.3659836   40.8447   28.3656  8.22  1.30  0.256  20200102111840  9.88  B
20190929091413  2019   9  29   9  14 12.90  737697.3848715   40.8627   28.2671  5.18  1.17  0.360  20190929141354  9.02  A
20190929092150  2019   9  29   9  21 49.97  737697.3901617   40.8773   28.2705  6.08  1.36  0.335  20190929235259 10.03  A
20190929093627  2019   9  29   9  36 26.91  737697.4003115   40.8613   28.2667  6.08  1.33  0.504  20190929141354  9.71  A
20190929093805  2019   9  29   9  38  4.86  737697.4014451   40.8752   28.3139  3.46  1.61  0.349  20190928084129  9.82  A
20190929094459  2019   9  29   9  44 58.83  737697.4062365   40.8803   28.2245  6.73  1.51  0.253  20190925160003  9.15  A
20190929094531  2019   9  29   9  45 30.53  737697.4066034   40.8646   28.2559  7.23  1.41  0.361  20190927093326  9.92  A
20190929095124  2019   9  29   9  51 23.91  737697.4106934   40.8699   28.2925  6.77  1.16  0.347  20190926194348  9.82  A
20190929100428  2019   9  29  10   4 28.23  737697.4197712   40.8737   28.3024  5.11  1.56  0.295  20190929235259  9.37  A
20190929103930  2019   9  29  10  39 29.92  737697.4440963   40.8909   28.2098  2.95  1.35  0.301  20190926182052  9.69  A
20190929104524  2019   9  29  10  45 23.80  737697.4481921   40.8767   28.2462  6.22  1.22  0.411  20190927144148 12.42  A
20190929111900  2019   9  29  11  19  0.00  737697.4715278   40.8588   28.2645  5.98  2.64  1.000  20190929111900 35.14  A
20190929113754  2019   9  29  11  37 54.00  737697.4846528   40.8617   28.2720  5.18  2.63  1.000  20190929113754 34.84  A
20190929115057  2019   9  29  11  50 57.16  737697.4937171   40.8654   28.2569  5.53  1.23  0.540  20190929075821 15.60  A
20190929122227  2019   9  29  12  22 27.45  737697.5155955   40.8647   28.2724  7.09  1.52  0.677  20190929024651 16.53  A
20190929122940  2019   9  29  12  29 40.40  737697.5206065   40.8610   28.2698  7.13  1.25  0.612  20190928071844 15.10  A
20190929123203  2019   9  29  12  32  3.23  737697.5222596   40.8656   28.2562  5.26  1.27  0.500  20190929053611 10.75  A
20190929123248  2019   9  29  12  32 48.02  737697.5227780   40.8649   28.2677  5.43  2.01  0.889  20190929141354 22.28  A
20190929124934  2019   9  29  12  49 34.00  737697.5344213   40.8876   28.2324  3.64  1.89  1.000  20190929124934 27.44  A
20190929130629  2019   9  29  13   6 29.44  737697.5461741   40.8623   28.2746  5.00  1.34  0.361  20190929141354  9.04  A
20190929130922  2019   9  29  13   9 21.91  737697.5481703   40.8642   28.2670  5.42  1.40  0.607  20190929141354 15.21  A
20190929130933  2019   9  29  13   9 32.83  737697.5482966   40.8619   28.2672  5.54  1.46  0.474  20190929141354  9.12  A
20190929131829  2019   9  29  13  18 29.00  737697.5545023   40.8623   28.2951  3.65  1.92  1.000  20190929131829 31.70  A
20190929134657  2019   9  29  13  46 56.69  737697.5742672   40.8704   28.2994  5.44  1.57  0.400  20190929172724  9.18  A
20190929134703  2019   9  29  13  47  3.11  737697.5743416   40.8583   28.2627  8.86  1.57  0.463  20190926202621  9.02  A
20190929135007  2019   9  29  13  50  6.58  737697.5764650   40.8608   28.2663  6.59  1.36  0.633  20190929111900 22.26  A
20190929141354  2019   9  29  14  13 54.00  737697.5929861   40.8627   28.2671  5.18  1.51  1.000  20190929141354 19.24  A
20190929141419  2019   9  29  14  14 19.44  737697.5932806   40.8640   28.2936  5.32  1.34  0.577  20190926114534 22.53  A
20190929144601  2019   9  29  14  46  1.37  737697.6152936   40.8652   28.2367 10.13  1.11  0.228  20191019042955  9.34  A
20190929152053  2019   9  29  15  20 53.39  737697.6395068   40.8820   28.2138  4.81  1.07  0.289  20190926201521  9.22  A
20190929152424  2019   9  29  15  24 24.00  737697.6419444   40.8626   28.2877  2.30  2.23  1.000  20190929152424 36.48  A
20190929155318  2019   9  29  15  53 18.00  737697.6620139   40.8829   28.2131  0.95  1.56  1.000  20190929155318 28.84  A
20190929160832  2019   9  29  16   8 32.04  737697.6725931   40.8778   28.2243  6.93  0.97  0.281  20190926120419  9.31  A
20190929162231  2019   9  29  16  22 31.13  737697.6823047   40.8763   28.2476  5.78  1.35  0.442  20190924102308 11.15  A
20190929162556  2019   9  29  16  25 55.75  737697.6846730   40.8589   28.2811  7.36  1.30  0.236  20190926212345  9.41  A
20190929163303  2019   9  29  16  33  3.48  737697.6896236   40.8702   28.2947  4.53  1.30  0.498  20190929235259 14.92  A
20190929163349  2019   9  29  16  33 49.15  737697.6901522   40.8617   28.2674  5.37  1.11  0.571  20190929141354 14.31  A
20190929163945  2019   9  29  16  39 44.60  737697.6942662   40.8652   28.2367 10.13  1.29  0.233  20191019042955  9.53  A
20190929163951  2019   9  29  16  39 50.73  737697.6943372   40.8652   28.2367 10.13  1.29  0.223  20191019042955  9.12  A
20190929164003  2019   9  29  16  40  2.80  737697.6944769   40.8688   28.2976  1.96  1.29  0.311  20190926151822  9.96  A
20190929164720  2019   9  29  16  47 19.96  737697.6995366   40.8832   28.2218  8.11  1.12  0.361  20190926113546 11.09  A
20190929164904  2019   9  29  16  49  3.79  737697.7007383   40.8720   28.3002  4.28  1.02  0.352  20190929235259 10.54  A
20190929165134  2019   9  29  16  51 33.87  737697.7024753   40.8624   28.2889  3.02  0.95  0.271  20190926155219  9.11  A
20190929171045  2019   9  29  17  10 45.08  737697.7157995   40.8879   28.2159  8.71  1.65  0.630  20190926134331 15.01  A
20190929171947  2019   9  29  17  19 46.56  737697.7220667   40.8809   28.2292  7.82  1.48  0.703  20190926112254 16.10  A
20190929172116  2019   9  29  17  21 16.22  737697.7231044   40.8603   28.2773  3.41  1.09  0.494  20190928071844 12.20  A
20190929172724  2019   9  29  17  27 23.66  737697.7273572   40.8702   28.2916  3.61  1.52  0.655  20190926214553 15.82  A
20190929174043  2019   9  29  17  40 42.68  737697.7366051   40.8642   28.2886  7.43  1.46  0.348  20190927103230  9.68  A
20190929180736  2019   9  29  18   7 36.00  737697.7552778   40.8674   28.3104  4.99  1.40  1.000  20190929180736 22.85  A
20190929180939  2019   9  29  18   9 39.28  737697.7567046   40.8641   28.2705  6.01  1.14  0.413  20190927103230 11.49  A
20190929181541  2019   9  29  18  15 40.54  737697.7608859   40.8767   28.3111  1.47  1.04  0.469  20190926153115  9.50  A
20190929183313  2019   9  29  18  33 12.64  737697.7730630   40.8706   28.2873  4.28  1.71  0.637  20190926214553 15.41  A
20190929185150  2019   9  29  18  51 50.00  737697.7859954   40.8651   28.2806  7.21  1.76  1.000  20190929185150 32.67  A
20190929191128  2019   9  29  19  11 28.00  737697.7996296   40.8795   28.3051  6.70  1.78  0.999  20190929191128 27.93  A
20190929191827  2019   9  29  19  18 26.82  737697.8044771   40.8632   28.2961  5.33  1.18  0.300  20190929064010  9.47  A
20190929200216  2019   9  29  20   2 15.55  737697.8349022   40.8627   28.2731  5.73  1.29  0.478  20190929141354  9.20  A
20190929202306  2019   9  29  20  23  5.61  737697.8493705   40.8776   28.3197  6.86  1.23  0.475  20191005065248 13.60  A
20190929203510  2019   9  29  20  35  9.99  737697.8577545   40.8880   28.3219  3.94  0.95  0.354  20190926163525  9.55  A
20190929210708  2019   9  29  21   7  7.67  737697.8799499   40.8662   28.3040  5.62  1.52  0.276  20190926182643  9.38  A
20190929211911  2019   9  29  21  19 11.00  737697.8883218   40.8604   28.2748  6.81  1.31  1.000  20190929211911 20.20  A
20190929212002  2019   9  29  21  20  1.80  737697.8889097   40.8880   28.3219  3.94  1.15  0.513  20190926163525 13.84  A
20190929212922  2019   9  29  21  29 21.62  737697.8953891   40.8714   28.2603  5.87  1.49  0.646  20190926121505 13.65  A
20190929214015  2019   9  29  21  40 15.00  737697.9029514   40.8839   28.2232 16.38  1.75  1.000  20190929214015 26.48  A
20190929214353  2019   9  29  21  43 53.36  737697.9054787   40.8788   28.2291  9.04  1.13  0.617  20190927104504 12.87  A
20190929224550  2019   9  29  22  45 49.70  737697.9484919   40.8703   28.3001  4.69  1.24  0.503  20190926214553 12.16  A
20190929225232  2019   9  29  22  52 31.52  737697.9531426   40.8824   28.2273 11.23  0.96  0.588  20190929214015 15.55  A
20190929231515  2019   9  29  23  15 15.44  737697.9689287   40.8880   28.3037  9.11  0.92  0.328  20191017221136  9.72  A
20190929235259  2019   9  29  23  52 59.00  737697.9951273   40.8737   28.3024  5.11  1.50  1.000  20190929235259 31.73  A
20190929235908  2019   9  29  23  59  8.25  737697.9994010   40.8563   28.2618  7.01  1.05  0.383  20190930155146  9.60  C
20190930000239  2019   9  30   0   2 39.35  737698.0018443   40.8574   28.2821 15.17  1.15  0.475  20190926162341 10.61  A
20190930001323  2019   9  30   0  13 22.51  737698.0092883   40.8835   28.2206  6.90  1.31  0.756  20190928220932 23.51  A
20190930001527  2019   9  30   0  15 27.00  737698.0107292   40.8588   28.2646  7.67  1.27  1.000  20190930001527 19.82  A
20190930001844  2019   9  30   0  18 44.01  737698.0130094   40.8873   28.2021  9.97  0.84  0.378  20190928005925 12.14  A
20190930004406  2019   9  30   0  44  5.74  737698.0306220   40.8895   28.2074  9.05  0.79  0.312  20190926140157  9.46  A
20190930011358  2019   9  30   1  13 58.47  737698.0513712   40.8578   28.2666  6.22  0.72  0.266  20190928005322  9.11  A
20190930011924  2019   9  30   1  19 23.89  737698.0551376   40.8681   28.2968  1.77  0.63  0.366  20190926162616  9.22  A
20190930012453  2019   9  30   1  24 52.51  737698.0589411   40.8843   28.2149  6.72  1.08  0.508  20190927023537 11.36  A
20190930014059  2019   9  30   1  40 59.00  737698.0701273   40.8734   28.2481  3.97  1.55  1.000  20190930014059 23.62  A
20190930021531  2019   9  30   2  15 30.94  737698.0941081   40.8794   28.2651  7.54  0.71  0.438  20200112051107 10.15  A
20190930021806  2019   9  30   2  18  5.77  737698.0959001   40.8801   28.2599  6.26  0.72  0.277  20190929051140  9.04  A
20190930022539  2019   9  30   2  25 39.39  737698.1011503   40.8664   28.2590  5.43  0.89  0.658  20190929075821 18.58  A
20190930022601  2019   9  30   2  26  0.68  737698.1013968   40.8654   28.2699  5.66  1.15  0.744  20190929111900 16.91  A
20190930022860  2019   9  30   2  28 59.79  737698.1034698   40.8720   28.2950  4.29  0.76  0.504  20190926162616 12.72  A
20190930023105  2019   9  30   2  31  5.09  737698.1049200   40.8880   28.3219  3.94  0.79  0.491  20190926163525 12.75  A
20190930023130  2019   9  30   2  31 30.00  737698.1052083   40.8802   28.2220  6.41  1.81  1.000  20190930023130 32.48  A
20190930024044  2019   9  30   2  40 43.84  737698.1116185   40.8817   28.2284  8.94  0.78  0.460  20190926191956 10.46  A
20190930024118  2019   9  30   2  41 17.90  737698.1120127   40.8842   28.2195  6.62  1.00  0.422  20190926115346 14.73  A
20190930032510  2019   9  30   3  25  9.82  737698.1424748   40.8722   28.3003  4.13  1.15  0.560  20190927031957 13.91  A
20190930032741  2019   9  30   3  27 41.47  737698.1442300   40.8713   28.3017  4.12  1.11  0.549  20190929235259 16.18  A
20190930033043  2019   9  30   3  30 42.90  737698.1463299   40.8854   28.2173  9.06  0.80  0.385  20190927033740  9.07  A
20190930034154  2019   9  30   3  41 54.15  737698.1540990   40.8518   28.2551 10.98  0.85  0.469  20190930155146 11.90  C
20190930035815  2019   9  30   3  58 15.00  737698.1654514   40.8908   28.2061  8.49  1.27  1.000  20190930035815 14.56  A
20190930035838  2019   9  30   3  58 37.68  737698.1657139   40.8877   28.2153  6.82  1.06  0.731  20190930035815 10.64  A
20190930040214  2019   9  30   4   2 14.21  737698.1682200   40.8653   28.2633  5.94  1.29  0.629  20190929113754 14.78  A
20190930042414  2019   9  30   4  24 14.00  737698.1834954   40.8624   28.2927  4.93  1.73  1.000  20190930042414 34.24  A
20190930042830  2019   9  30   4  28 29.98  737698.1864581   40.8589   28.2789  4.16  1.10  0.717  20190928071844 17.62  A
20190930044509  2019   9  30   4  45  8.64  737698.1980167   40.8660   28.2745  5.17  1.13  0.463  20190929024651 11.32  A
20190930052137  2019   9  30   5  21 37.40  737698.2233495   40.8607   28.2960  4.86  1.36  0.237  20190926114534  9.29  A
20190930052312  2019   9  30   5  23 11.61  737698.2244399   40.8643   28.2842  5.28  1.66  0.550  20190930063518 18.23  A
20190930053407  2019   9  30   5  34  7.07  737698.2320263   40.8873   28.2021  9.97  1.25  0.347  20190928005925 11.14  A
20190930054635  2019   9  30   5  46 34.95  737698.2406823   40.8659   28.2708  4.85  1.44  0.539  20190927103230 14.39  A
20190930061257  2019   9  30   6  12 56.88  737698.2589917   40.8596   28.2783  7.36  1.79  0.249  20190926155038  9.74  A
20190930062529  2019   9  30   6  25 29.47  737698.2677022   40.8751   28.3114  2.37  1.37  0.364  20190928084129  9.76  A
20190930063140  2019   9  30   6  31 39.98  737698.2719905   40.8660   28.2930  6.08  1.68  0.571  20190927103230 15.23  A
20190930063518  2019   9  30   6  35 17.98  737698.2745137   40.8680   28.2805  5.19  1.93  0.557  20190928231808 15.80  A
20190930065140  2019   9  30   6  51 40.20  737698.2858819   40.8596   28.2783  7.36  1.78  0.231  20190926155038  9.25  A
20190930070723  2019   9  30   7   7 22.51  737698.2967883   40.8668   28.2897  9.16  1.62  0.554  20190927173842 11.79  A
20190930073847  2019   9  30   7  38 46.92  737698.3185986   40.8599   28.2630  9.44  1.26  0.479  20190927093326 12.72  A
20190930074625  2019   9  30   7  46 24.75  737698.3238976   40.8737   28.3024  5.11  1.31  0.313  20190929235259  9.23  A
20190930074746  2019   9  30   7  47 45.93  737698.3248372   40.8596   28.2783  7.36  1.30  0.231  20190926155038  9.05  A
20190930075112  2019   9  30   7  51 12.36  737698.3272264   40.8563   28.2618  7.01  1.35  0.523  20190930155146 13.26  C
20190930085800  2019   9  30   8  58  0.03  737698.3736115   40.8617   28.2876  4.00  1.74  0.390  20190926155038 15.28  A
20190930090131  2019   9  30   9   1 30.64  737698.3760491   40.8589   28.2811  7.36  1.93  0.235  20190926212345  9.28  A
20190930090752  2019   9  30   9   7 51.95  737698.3804624   40.8680   28.2874 14.95  1.20  0.337  20190926131745  9.07  A
20190930092837  2019   9  30   9  28 37.00  737698.3948727   40.8746   28.2805  3.63  1.83  1.000  20190930092837 29.07  A
20190930094330  2019   9  30   9  43 29.84  737698.4052065   40.8603   28.2773  3.41  1.08  0.376  20190928071844  9.23  A
20190930094941  2019   9  30   9  49 40.74  737698.4094993   40.8587   28.2751  5.77  1.21  0.632  20190928071844 15.53  A
20190930103852  2019   9  30  10  38 52.49  737698.4436631   40.8610   28.2825  5.08  1.69  0.247  20190929152424  9.12  A
20190930104034  2019   9  30  10  40 33.83  737698.4448360   40.8642   28.2886  7.43  1.33  0.435  20190927103230 11.61  A
20190930104421  2019   9  30  10  44 20.74  737698.4474623   40.8596   28.2783  7.36  1.59  0.233  20190926155038  9.31  A
20190930111136  2019   9  30  11  11 35.53  737698.4663834   40.8734   28.2481  3.97  1.59  0.480  20190930014059 11.34  A
20190930111326  2019   9  30  11  13 25.65  737698.4676580   40.8671   28.3094  2.49  1.30  0.479  20190927061829 11.15  A
20190930112022  2019   9  30  11  20 21.50  737698.4724711   40.8817   28.2570  1.86  1.82  0.317  20190926151310  9.05  A
20190930114360  2019   9  30  11  43 59.95  737698.4888883   40.8604   28.2782  4.79  1.33  0.254  20191014084143  9.04  A
20190930120255  2019   9  30  12   2 54.84  737698.5020236   40.8804   28.2407  5.67  1.30  0.203  20191020210046  9.03  A
20190930122323  2019   9  30  12  23 23.01  737698.5162385   40.8863   28.2442 10.71  1.29  0.341  20190930122732  9.12  B
20190930122732  2019   9  30  12  27 31.65  737698.5191163   40.8818   28.2569  2.58  2.00  0.332  20190926150644  9.39  A
20190930123425  2019   9  30  12  34 24.86  737698.5238988   40.8870   28.2164  7.55  1.53  0.676  20190927162011 11.26  A
20190930124541  2019   9  30  12  45 40.61  737698.5317200   40.8816   28.2370  5.74  1.82  0.667  20190926210055 16.43  A
20190930134355  2019   9  30  13  43 55.00  737698.5721644   40.8698   28.3000  5.86  3.37  1.000  20190930134355 29.00  A
20190930140027  2019   9  30  14   0 27.36  737698.5836500   40.8738   28.2787  1.79  1.36  0.464  20190926111134  9.06  A
20190930151544  2019   9  30  15  15 44.33  737698.6359297   40.8737   28.3024  5.11  1.30  0.298  20190929235259  9.45  A
20190930152212  2019   9  30  15  22 11.69  737698.6404131   40.8650   28.2945  4.82  1.33  0.409  20190927103230 10.92  A
20190930152451  2019   9  30  15  24 51.00  737698.6422569   40.8820   28.2336  7.64  2.39  1.000  20190930152451 35.94  A
20190930152933  2019   9  30  15  29 33.02  737698.6455211   40.8688   28.2976  1.96  1.24  0.291  20190926151822  9.02  A
20190930153758  2019   9  30  15  37 58.36  737698.6513699   40.8845   28.2222  5.30  1.34  0.585  20190926224043 10.93  A
20190930154652  2019   9  30  15  46 51.71  737698.6575429   40.8766   28.2656  5.04  1.22  0.235  20190926120025  9.13  A
20190930155146  2019   9  30  15  51 46.00  737698.6609491   40.8563   28.2618  7.01  1.54  1.000  20190930155146 25.36  C
20190930161954  2019   9  30  16  19 53.84  737698.6804843   40.8817   28.2570  1.86  1.40  0.316  20190926151310  9.02  A
20190930162531  2019   9  30  16  25 30.57  737698.6843816   40.8563   28.2618  7.01  1.08  0.563  20190930155146 14.29  C
20190930162617  2019   9  30  16  26 16.71  737698.6849156   40.8614   28.2657  6.44  1.30  0.556  20190929141354 10.91  A
20190930163259  2019   9  30  16  32 58.88  737698.6895704   40.8777   28.2613  7.23  1.12  0.263  20191008083347  9.00  A
20190930163320  2019   9  30  16  33 19.70  737698.6898113   40.8595   28.2665  7.09  1.24  0.405  20190928071844  9.95  A
20190930170823  2019   9  30  17   8 23.09  737698.7141561   40.8852   28.2173  6.04  1.11  0.428  20190929003110 11.75  A
20190930171840  2019   9  30  17  18 39.85  737698.7212946   40.8589   28.2811  7.36  1.89  0.229  20190926212345  9.06  A
20190930182016  2019   9  30  18  20 15.67  737698.7640703   40.8767   28.3111  1.47  1.00  0.584  20190926153115 11.28  A
20190930182549  2019   9  30  18  25 49.12  737698.7679296   40.8654   28.2921  3.93  1.68  0.566  20190927111346 11.20  A
20190930183003  2019   9  30  18  30  2.52  737698.7708625   40.8800   28.2183  4.90  1.15  0.415  20191005142113 14.20  A
20190930183013  2019   9  30  18  30 12.85  737698.7709821   40.8785   28.2238  7.16  1.15  0.588  20191005142113 20.14  A
20190930184335  2019   9  30  18  43 35.23  737698.7802689   40.8727   28.2830 10.95  1.31  0.373  20191017221136 10.86  A
20190930184345  2019   9  30  18  43 45.45  737698.7803872   40.8836   28.2160  9.06  1.17  0.407  20190927033740  9.59  A
20190930192044  2019   9  30  19  20 44.48  737698.8060704   40.8648   28.2933  8.69  1.23  0.654  20190930223322 18.14  A
20190930193815  2019   9  30  19  38 15.07  737698.8182300   40.8820   28.2307  8.14  1.04  0.413  20191011025456 10.61  A
20190930194056  2019   9  30  19  40 56.48  737698.8200981   40.8701   28.2931  8.18  0.97  0.419  20190929172724  9.45  A
20190930195230  2019   9  30  19  52 30.24  737698.8281278   40.8595   28.2301 16.05  1.23  0.605  20190126071957 13.26  B
20190930205900  2019   9  30  20  59  0.30  737698.8743090   40.8719   28.3052  3.44  1.19  0.458  20190929235259 13.48  A
20190930223322  2019   9  30  22  33 22.00  737698.9398380   40.8714   28.3026  5.07  1.64  1.000  20190930223322 27.74  A
20190930223904  2019   9  30  22  39  4.00  737698.9437963   40.8674   28.2824  5.87  1.64  1.000  20190930223904 25.68  A
20190930230201  2019   9  30  23   2  1.05  737698.9597344   40.8665   28.2978  4.95  1.22  0.497  20191003154641 11.09  A
20190930233035  2019   9  30  23  30 35.25  737698.9795747   40.8444   28.2600  6.14  1.12  0.339  20190929074833 13.32  B
20190930234342  2019   9  30  23  43 41.80  737698.9886782   40.8737   28.3024  5.11  0.97  0.309  20190929235259  9.11  A
20190930235124  2019   9  30  23  51 23.52  737698.9940222   40.8639   28.2898  9.24  1.04  0.522  20190926161229 11.16  A
20191001002505  2019  10   1   0  25  4.87  737699.0174175   40.8574   28.2821 15.17  1.05  0.481  20190926162341 11.33  A
20191001010055  2019  10   1   1   0 55.47  737699.0423087   40.8702   28.2701  5.20  1.36  0.724  20190930092837 17.11  A
20191001013229  2019  10   1   1  32 28.61  737699.0642200   40.8880   28.3219  3.94  0.98  0.336  20190926163525  9.34  A
20191001014638  2019  10   1   1  46 37.87  737699.0740494   40.8447   28.3656  8.22  1.42  0.238  20200102111840  9.50  B
20191001015421  2019  10   1   1  54 21.06  737699.0794104   40.8760   28.2581  7.74  1.04  0.332  20191008083347 12.20  A
20191001015612  2019  10   1   1  56 12.00  737699.0806944   40.8674   28.2904 11.79  2.03  1.000  20191001015612 32.24  A
20191001015920  2019  10   1   1  59 20.26  737699.0828734   40.8725   28.2971  5.65  1.49  0.691  20190927030524 19.95  A
20191001015957  2019  10   1   1  59 56.84  737699.0832968   40.8617   28.2755  5.68  1.04  0.462  20190929141354  9.43  A
20191001021756  2019  10   1   2  17 55.85  737699.0957853   40.8857   28.2100 10.88  1.17  0.472  20191002110229 10.09  A
20191001023949  2019  10   1   2  39 48.69  737699.1109802   40.8415   28.1384  6.00  1.12  0.332  20190509183813  9.27  B
20191001024833  2019  10   1   2  48 33.27  737699.1170517   40.8662   28.2926  4.68  1.20  0.491  20190929012753 12.42  A
20191001030548  2019  10   1   3   5 47.57  737699.1290228   40.8737   28.3024  5.11  0.94  0.309  20190929235259  9.33  A
20191001043249  2019  10   1   4  32 49.00  737699.1894560   40.8662   28.2536  5.76  2.22  1.000  20191001043249 35.74  A
20191001044116  2019  10   1   4  41 16.07  737699.1953249   40.8857   28.2145  7.66  1.56  0.590  20190930035815 11.93  A
20191001044216  2019  10   1   4  42 16.40  737699.1960231   40.8661   28.3041  6.01  1.41  0.269  20190926164919  9.96  A
20191001051655  2019  10   1   5  16 55.33  737699.2200848   40.8628   28.2901  5.62  1.46  0.299  20190926220217  9.08  A
20191001052708  2019  10   1   5  27  8.30  737699.2271794   40.8611   28.2856  4.27  1.29  0.247  20190929012753  9.57  A
20191001053738  2019  10   1   5  37 37.74  737699.2344646   40.8626   28.2877  2.30  1.77  0.245  20190929152424  9.41  A
20191001053827  2019  10   1   5  38 26.53  737699.2350293   40.8737   28.2463  6.37  2.02  0.315  20190927144148  9.81  A
20191001053836  2019  10   1   5  38 36.33  737699.2351427   40.8596   28.2783  7.36  1.86  0.240  20190926155038  9.90  A
20191001054927  2019  10   1   5  49 26.60  737699.2426690   40.8589   28.2811  7.36  1.61  0.236  20190926212345  9.20  A
20191001055034  2019  10   1   5  50 33.53  737699.2434436   40.8384   28.3515  9.47  1.99  0.286  20191007013232  9.57  B
20191001061515  2019  10   1   6  15 15.37  737699.2605946   40.8737   28.2463  6.37  1.86  0.305  20190927144148  9.49  A
20191001062055  2019  10   1   6  20 55.24  737699.2645282   40.8851   28.2124  9.42  1.21  0.494  20191002110229 10.57  A
20191001063106  2019  10   1   6  31  5.78  737699.2715947   40.8711   28.2999  1.49  1.23  0.231  20190926115126  9.05  A
20191001065619  2019  10   1   6  56 18.50  737699.2891030   40.8718   28.3036  7.11  1.21  0.350  20190928084129  9.94  A
20191001070857  2019  10   1   7   8 56.89  737699.2978807   40.8752   28.3139  3.46  1.40  0.264  20190928084129  9.42  A
20191001071634  2019  10   1   7  16 33.81  737699.3031691   40.8711   28.2999  1.49  1.21  0.238  20190926115126  9.33  A
20191001073338  2019  10   1   7  33 38.17  737699.3150251   40.8777   28.2186  3.19  1.26  0.282  20190922153045  9.10  A
20191001074125  2019  10   1   7  41 25.09  737699.3204293   40.8737   28.3024  5.11  1.37  0.316  20190929235259  9.54  A
20191001074202  2019  10   1   7  42  2.18  737699.3208586   40.8382   28.1484  7.14  1.69  0.261  20190429041206  9.05  A
20191001075012  2019  10   1   7  50 12.44  737699.3265329   40.8814   28.2213  4.12  1.48  0.293  20190927091623  9.33  B
20191001085828  2019  10   1   8  58 28.29  737699.3739385   40.8756   28.3085  1.61  1.58  0.309  20190927224431  9.41  A
20191001090716  2019  10   1   9   7 15.52  737699.3800407   40.9042   28.2580 13.67  1.75  0.262  20190926180251  9.29  B
20191001093756  2019  10   1   9  37 55.57  737699.4013376   40.8657   28.2562  5.48  1.13  0.313  20190929075821  9.52  A
20191001095354  2019  10   1   9  53 53.50  737699.4124248   40.8657   28.3037  3.21  1.36  0.277  20190926111859  9.33  A
20191001100356  2019  10   1  10   3 55.62  737699.4193938   40.8384   28.3515  9.47  1.30  0.283  20191007013232  9.42  B
20191001100443  2019  10   1  10   4 42.75  737699.4199392   40.8652   28.2367 10.13  1.53  0.222  20191019042955  9.36  A
20191001104132  2019  10   1  10  41 32.11  737699.4455105   40.8688   28.2976  1.96  1.88  0.291  20190926151822  9.43  A
20191001104514  2019  10   1  10  45 13.50  737699.4480729   40.8589   28.2811  7.36  2.04  0.228  20190926212345  9.26  A
20191001105735  2019  10   1  10  57 34.63  737699.4566508   40.8661   28.2565  5.81  1.34  0.328  20190929022157  9.90  A
20191001111417  2019  10   1  11  14 16.57  737699.4682473   40.8659   28.2448 10.14  1.57  0.329  20190927010558 13.34  A
20191001111814  2019  10   1  11  18 13.83  737699.4709934   40.8645   28.2925  9.70  1.59  0.433  20190926162341 10.19  A
20191001112041  2019  10   1  11  20 41.42  737699.4727016   40.8384   28.3515  9.47  2.01  0.270  20191007013232  9.05  B
20191001115928  2019  10   1  11  59 27.57  737699.4996247   40.8790   28.2419  5.27  1.37  0.489  20190926210055 11.97  A
20191001121147  2019  10   1  12  11 46.71  737699.5081795   40.8737   28.2463  6.37  1.80  0.324  20190927144148 10.09  A
20191001123139  2019  10   1  12  31 38.52  737699.5219736   40.8697   28.2693  4.84  1.36  0.325  20191006215503 10.65  A
20191001123508  2019  10   1  12  35  8.38  737699.5244025   40.8820   28.2276  8.63  1.33  0.448  20190929034155  9.49  A
20191001124809  2019  10   1  12  48  9.49  737699.5334432   40.8851   28.2143  6.80  1.25  0.534  20190930035815 10.81  A
20191001135554  2019  10   1  13  55 53.91  737699.5804851   40.8688   28.2742  6.14  1.43  0.504  20191006215503 16.53  A
20191001140205  2019  10   1  14   2  5.41  737699.5847848   40.8707   28.2726  3.93  1.22  0.275  20191006215503  9.01  A
20191001140437  2019  10   1  14   4 37.46  737699.5865447   40.8716   28.3157  1.94  1.31  0.288  20190928051848  9.66  A
20191001141252  2019  10   1  14  12 52.08  737699.5922694   40.8863   28.2442 10.71  1.19  0.327  20190930122732  9.16  B
20191001143106  2019  10   1  14  31  6.00  737699.6049306   40.8716   28.3157  1.94  1.35  0.281  20190928051848  9.42  A
20191001143130  2019  10   1  14  31 29.86  737699.6052067   40.8785   28.2238  4.83  1.26  0.250  20190926115346  9.08  A
20191001144228  2019  10   1  14  42 28.32  737699.6128278   40.8847   28.2199  6.61  1.52  0.687  20190926224043 12.58  A
20191001151350  2019  10   1  15  13 49.64  737699.6346023   40.8716   28.3030  3.97  1.35  0.371  20190927224431 11.30  A
20191001151955  2019  10   1  15  19 55.14  737699.6388326   40.8737   28.2463  6.37  1.46  0.303  20190927144148  9.43  A
20191001152112  2019  10   1  15  21 11.70  737699.6397188   40.8801   28.2134  9.05  1.22  0.277  20190926133343  9.10  A
20191001153405  2019  10   1  15  34  5.00  737699.6486690   40.8686   28.3114  2.52  2.71  1.000  20191001153405 33.80  A
20191001161511  2019  10   1  16  15 10.90  737699.6772095   40.8794   28.2291  5.82  1.19  0.431  20190929034155  9.15  A
20191001180344  2019  10   1  18   3 44.16  737699.7525944   40.8835   28.2286  7.21  1.37  0.403  20190925102453  9.04  A
20191001183928  2019  10   1  18  39 27.58  737699.7774025   40.8820   28.2336  7.64  1.28  0.249  20190930152451  9.50  A
20191001184300  2019  10   1  18  43  0.30  737699.7798646   40.8874   28.2282  8.54  1.65  0.673  20190924150510 25.36  B
20191001192048  2019  10   1  19  20 47.78  737699.8061086   40.8797   28.2284  6.94  1.42  0.526  20190926125859 16.65  A
20191001193244  2019  10   1  19  32 44.19  737699.8144003   40.8642   28.2886  7.43  1.13  0.383  20190927103230 10.79  A
20191001222225  2019  10   1  22  22 24.62  737699.9322294   40.8849   28.2125  9.59  1.19  0.747  20191002110229 15.97  A
20191001223629  2019  10   1  22  36 29.14  737699.9420039   40.8707   28.3063  3.70  1.42  0.674  20190928084129 19.16  A
20191001231958  2019  10   1  23  19 58.22  737699.9722016   40.8856   28.2127 10.20  1.12  0.492  20191002110229 10.51  A
20191002001028  2019  10   2   0  10 28.27  737700.0072716   40.8574   28.2821 15.17  1.39  0.590  20190926162341 14.91  A
20191002021508  2019  10   2   2  15  8.22  737700.0938451   40.8880   28.3219  3.94  1.13  0.340  20190926163525 10.25  A
20191002025246  2019  10   2   2  52 45.89  737700.1199756   40.8703   28.2906  9.75  1.38  0.373  20190929172724  9.37  A
20191002030732  2019  10   2   3   7 31.64  737700.1302273   40.9101   28.2516 11.78  1.20  0.389  20191003133154 15.18  B
20191002040920  2019  10   2   4   9 19.81  737700.1731459   40.8880   28.3037  9.11  1.25  0.297  20191017221136  9.41  A
20191002043007  2019  10   2   4  30  7.07  737700.1875818   40.8794   28.2441  2.31  1.26  0.323  20191007042031  9.30  A
20191002045837  2019  10   2   4  58 37.36  737700.2073769   40.8661   28.3041  6.01  1.25  0.248  20190926164919  9.43  A
20191002050621  2019  10   2   5   6 21.34  737700.2127470   40.8797   28.2610  7.04  1.43  0.368  20191005042312 11.46  A
20191002052757  2019  10   2   5  27 57.13  737700.2277446   40.8654   28.2750  6.32  1.38  0.483  20190927004320 10.38  A
20191002054719  2019  10   2   5  47 18.51  737700.2411865   40.8617   28.2851  4.75  1.85  0.199  20190928231808  9.07  A
20191002054928  2019  10   2   5  49 27.70  737700.2426817   40.8909   28.2098  2.95  1.90  0.291  20190926182052 10.20  A
20191002055513  2019  10   2   5  55 13.07  737700.2466791   40.8685   28.2969  5.26  1.73  0.366  20191003154641  9.34  A
20191002061656  2019  10   2   6  16 56.47  737700.2617647   40.8532   28.2622 11.08  1.92  0.324  20190612113757 10.53  A
20191002062535  2019  10   2   6  25 34.94  737700.2677655   40.8879   28.2137  9.76  1.57  0.578  20191002110229 12.83  A
20191002064714  2019  10   2   6  47 14.11  737700.2828022   40.8415   28.1384  6.00  1.62  0.310  20190509183813  9.25  B
20191002065325  2019  10   2   6  53 24.87  737700.2870934   40.8525   28.2604 11.50  1.95  0.312  20190612113757 10.12  A
20191002072346  2019  10   2   7  23 45.77  737700.3081686   40.8652   28.2367 10.13  1.73  0.203  20191019042955  9.05  A
20191002072353  2019  10   2   7  23 53.47  737700.3082578   40.8382   28.1484  7.14  1.75  0.251  20190429041206  9.22  A
20191002072430  2019  10   2   7  24 30.09  737700.3086816   40.8684   28.2917 10.30  1.88  0.361  20191003154641  9.23  A
20191002075805  2019  10   2   7  58  4.59  737700.3319976   40.8706   28.3086  0.99  1.82  0.365  20190926204619  9.14  A
20191002081822  2019  10   2   8  18 22.21  737700.3460904   40.8804   28.2407  5.67  2.14  0.186  20191020210046  9.09  A
20191002081912  2019  10   2   8  19 11.53  737700.3466612   40.8531   28.2637 11.01  1.93  0.283  20190612113757  9.17  A
20191002081934  2019  10   2   8  19 34.27  737700.3469244   40.8673   28.2960  1.56  1.60  0.290  20190926162616  9.15  A
20191002082110  2019  10   2   8  21 10.46  737700.3480377   40.8743   28.2558 10.23  1.58  0.295  20200111135027  9.33  A
20191002083015  2019  10   2   8  30 15.35  737700.3543443   40.8657   28.3037  3.21  1.43  0.262  20190926111859  9.29  A
20191002083138  2019  10   2   8  31 37.68  737700.3552972   40.8737   28.3024  5.11  1.65  0.287  20190929235259  9.26  A
20191002083146  2019  10   2   8  31 45.77  737700.3553909   40.8674   28.2904 11.79  1.65  0.277  20191001015612  9.35  A
20191002083505  2019  10   2   8  35  5.00  737700.3576968   40.8589   28.2811  7.36  2.08  0.233  20190926212345  9.42  A
20191002083521  2019  10   2   8  35 21.34  737700.3578859   40.8589   28.2811  7.36  1.99  0.238  20190926212345  9.63  A
20191002085132  2019  10   2   8  51 32.21  737700.3691228   40.8807   28.2403  7.00  1.89  0.228  20190927010558  9.53  A
20191002090247  2019  10   2   9   2 46.65  737700.3769288   40.8745   28.3070  2.63  1.33  0.210  20190927030524  9.22  A
20191002094817  2019  10   2   9  48 17.15  737700.4085318   40.8738   28.2984  2.25  1.55  0.281  20190926150644 10.38  A
20191002094834  2019  10   2   9  48 33.85  737700.4087251   40.8654   28.2791 16.43  1.43  0.236  20191010174850  9.17  A
20191002101214  2019  10   2  10  12 13.91  737700.4251610   40.8687   28.2647  5.60  1.70  0.710  20190928005322 17.23  A
20191002102616  2019  10   2  10  26 16.48  737700.4349130   40.8706   28.3086  0.99  1.97  0.364  20190926204619  9.10  A
20191002102637  2019  10   2  10  26 37.33  737700.4351543   40.8596   28.2783  7.36  1.97  0.217  20190926155038  9.15  A
20191002105109  2019  10   2  10  51  9.46  737700.4521928   40.8588   28.2646  7.67  1.47  0.399  20190930001527  9.09  A
20191002105316  2019  10   2  10  53 16.17  737700.4536594   40.8629   28.2982  2.94  1.80  0.345  20190926183953  9.86  A
20191002105332  2019  10   2  10  53 32.30  737700.4538461   40.8737   28.3024  5.11  1.87  0.278  20190929235259  9.47  A
20191002105353  2019  10   2  10  53 53.36  737700.4540898   40.8628   28.2825  6.25  1.73  0.244  20191015202523  9.07  A
20191002110004  2019  10   2  11   0  4.05  737700.4583802   40.8717   28.3033  3.37  1.38  0.484  20190926214553 12.19  A
20191002110229  2019  10   2  11   2 29.00  737700.4600579   40.8875   28.2122 12.96  1.79  1.000  20191002110229 22.20  A
20191002111714  2019  10   2  11  17 13.67  737700.4702971   40.8589   28.2811  7.36  1.71  0.221  20190926212345  9.37  A
20191002113613  2019  10   2  11  36 13.35  737700.4834878   40.8881   28.2257  6.74  1.29  0.343  20190927030007  9.16  A
20191002120653  2019  10   2  12   6 53.17  737700.5047821   40.8863   28.2442 10.71  1.21  0.332  20190930122732  9.81  B
20191002120810  2019  10   2  12   8  9.60  737700.5056667   40.8415   28.1384  6.00  1.49  0.305  20190509183813  9.11  B
20191002123415  2019  10   2  12  34 14.55  737700.5237795   40.8738   28.2984  2.25  1.50  0.245  20190926150644  9.05  A
20191002130960  2019  10   2  13   9 59.78  737700.5486086   40.8622   28.2762 11.43  1.40  0.210  20191015122344  9.17  A
20191002133656  2019  10   2  13  36 56.33  737700.5673186   40.8617   28.2851  4.75  1.34  0.209  20190928231808  9.50  A
20191002133719  2019  10   2  13  37 19.28  737700.5675843   40.8737   28.3024  5.11  1.38  0.289  20190929235259  9.85  A
20191002135027  2019  10   2  13  50 26.99  737700.5767013   40.8596   28.2783  7.36  1.62  0.221  20190926155038  9.47  A
20191002144830  2019  10   2  14  48 30.18  737700.6170160   40.8737   28.3024  5.11  1.82  0.274  20190929235259  9.35  A
20191002145955  2019  10   2  14  59 54.57  737700.6249372   40.8632   28.2961  5.33  1.25  0.270  20190929064010  9.25  A
20191002151930  2019  10   2  15  19 29.57  737700.6385367   40.8737   28.3024  5.11  1.65  0.293  20190929235259  9.47  A
20191002160539  2019  10   2  16   5 39.00  737700.6705903   40.8641   28.3136  2.75  1.73  1.000  20191002160539 22.48  A
20191002164305  2019  10   2  16  43  4.61  737700.6965811   40.8737   28.3024  5.11  1.28  0.284  20190929235259  9.69  A
20191002171648  2019  10   2  17  16 47.85  737700.7199983   40.8755   28.2549  6.27  1.42  0.356  20190926210055  9.09  A
20191002172747  2019  10   2  17  27 47.38  737700.7276317   40.8415   28.1384  6.00  1.72  0.302  20190509183813  9.02  B
20191002180526  2019  10   2  18   5 25.58  737700.7537683   40.8574   28.2821 15.17  1.50  0.358  20190926162341  9.05  A
20191002180534  2019  10   2  18   5 33.89  737700.7538645   40.8574   28.2821 15.17  1.53  0.364  20190926162341  9.19  A
20191002182714  2019  10   2  18  27 13.55  737700.7689068   40.8813   28.2314  7.25  1.28  0.498  20190926112254 12.52  A
20191002184335  2019  10   2  18  43 35.39  737700.7802707   40.8603   28.2773  3.41  0.99  0.373  20190928071844  9.35  A
20191002185417  2019  10   2  18  54 16.86  737700.7876951   40.8880   28.3219  3.94  1.40  0.528  20190926163525 15.95  A
20191002190021  2019  10   2  19   0 20.66  737700.7919058   40.8851   28.2909  7.04  1.16  0.664  20191013071038 12.12  A
20191002195036  2019  10   2  19  50 36.00  737700.8268056   40.8774   28.2603  3.34  1.18  0.286  20190927030211  9.38  A
20191002195247  2019  10   2  19  52 46.90  737700.8283206   40.8706   28.3038  3.45  1.11  0.434  20190927224431 14.24  A
20191002200502  2019  10   2  20   5  1.96  737700.8368282   40.8763   28.2272  6.92  1.31  0.340  20190926160453  9.33  A
20191002201634  2019  10   2  20  16 33.66  737700.8448340   40.8684   28.2917 10.30  1.96  0.356  20191003154641  9.10  A
20191002201714  2019  10   2  20  17 13.53  737700.8452955   40.8583   28.2771  4.80  1.76  0.591  20190928071844 14.78  A
20191002202006  2019  10   2  20  20  5.72  737700.8472884   40.8582   28.2775 12.37  1.45  0.814  20191002203855 21.00  A
20191002202018  2019  10   2  20  20 17.80  737700.8474282   40.8575   28.2759 11.80  1.45  0.830  20191002203855 21.44  A
20191002203855  2019  10   2  20  38 54.59  737700.8603541   40.8662   28.3025  3.64  1.58  0.471  20190926122610 10.15  A
20191002210043  2019  10   2  21   0 42.61  737700.8754932   40.8595   28.2781 12.24  1.53  0.388  20190929172724  9.75  A
20191002210107  2019  10   2  21   1  7.41  737700.8757802   40.8737   28.3024  5.11  1.59  0.283  20190929235259  9.14  A
20191002221020  2019  10   2  22  10 20.33  737700.9238464   40.8737   28.2527  5.82  1.49  0.569  20190926210055 14.53  A
20191002231303  2019  10   2  23  13  3.04  737700.9673963   40.8790   28.2419  5.27  0.92  0.370  20190926210055  9.46  A
20191002232809  2019  10   2  23  28  8.58  737700.9778771   40.8759   28.2730  4.68  1.09  0.375  20190926204619  9.38  A
20191002234140  2019  10   2  23  41 39.78  737700.9872660   40.8856   28.2029  9.57  0.97  0.292  20190926152301  9.93  A
20191002234930  2019  10   2  23  49 30.07  737700.9927091   40.8625   28.2763  3.31  0.94  0.332  20190930022601  9.47  A
20191003005212  2019  10   3   0  52 12.17  737701.0362520   40.8800   28.2228  8.41  1.29  0.743  20190926224043 13.67  A
20191003005412  2019  10   3   0  54 12.22  737701.0376414   40.8865   28.2155  7.17  1.00  0.394  20190926134331  9.62  A
20191003005502  2019  10   3   0  55  1.86  737701.0382160   40.8856   28.2189  8.66  0.98  0.469  20190927023743 10.44  A
20191003011008  2019  10   3   1  10  8.02  737701.0487039   40.8706   28.3086  0.99  1.27  0.393  20190926204619  9.67  A
20191003021649  2019  10   3   2  16 48.94  737701.0950109   40.8935   28.3135  6.98  1.01  0.480  20190927211047 11.46  A
20191003054353  2019  10   3   5  43 52.80  737701.2388056   40.8680   28.2874 14.95  1.25  0.441  20190926131745 10.04  A
20191003063722  2019  10   3   6  37 21.93  737701.2759483   40.8589   28.2811  7.36  2.02  0.291  20190926212345 11.77  A
20191003075921  2019  10   3   7  59 21.13  737701.3328834   40.8589   28.2811  7.36  1.51  0.239  20190926212345  9.66  A
20191003085857  2019  10   3   8  58 56.88  737701.3742694   40.8737   28.3024  5.11  1.39  0.308  20190929235259  9.64  A
20191003090349  2019  10   3   9   3 48.78  737701.3776479   40.8587   28.2760  4.37  1.43  0.438  20190926153853  9.95  A
20191003133154  2019  10   3  13  31 54.00  737701.5638194   40.9101   28.2516 11.78  2.10  1.000  20191003133154 37.64  B
20191003134816  2019  10   3  13  48 16.14  737701.5751868   40.8544   28.2454 12.53  1.95  0.320  20190612113757 10.06  A
20191003144548  2019  10   3  14  45 48.42  737701.6151437   40.8598   28.2815  9.61  1.27  0.408  20190926162341  9.93  A
20191003154641  2019  10   3  15  46 41.00  737701.6574190   40.8684   28.2917 10.30  2.05  1.000  20191003154641 24.65  A
20191003183823  2019  10   3  18  38 22.70  737701.7766516   40.8630   28.2978  4.64  1.99  0.852  20190927050807 20.69  A
20191003184234  2019  10   3  18  42 34.46  737701.7795655   40.8648   28.3107  5.34  1.07  0.467  20190927021121 10.07  A
20191003201431  2019  10   3  20  14 30.82  737701.8434123   40.8671   28.2714  5.09  1.54  0.480  20190929024651 12.01  A
20191003205716  2019  10   3  20  57 15.80  737701.8730995   40.8804   28.2407  5.67  1.13  0.205  20191020210046  9.63  A
20191003213802  2019  10   3  21  38  1.85  737701.9014103   40.8827   28.2236  8.79  1.22  0.427  20190926191956 10.65  A
20191003214301  2019  10   3  21  43  0.88  737701.9048713   40.8568   28.2772 13.86  1.26  0.603  20191002203855 15.35  A
20191003224228  2019  10   3  22  42 27.90  737701.9461562   40.8649   28.2907  9.74  1.37  0.823  20191003154641 20.29  A
20191003224353  2019  10   3  22  43 52.86  737701.9471396   40.8648   28.2905  9.77  1.15  0.643  20191003154641 15.86  A
20191003234613  2019  10   3  23  46 13.37  737701.9904325   40.8868   28.2024  9.84  1.27  0.515  20190928005925 17.47  A
20191004010806  2019  10   4   1   8  6.49  737702.0472973   40.8857   28.3184  4.82  1.68  0.331  20190926163525 12.55  A
20191004013828  2019  10   4   1  38 28.36  737702.0683838   40.8654   28.2943  7.41  1.28  0.300  20190929064010 11.13  A
20191004051107  2019  10   4   5  11  7.30  737702.2160567   40.8596   28.2783  7.36  1.81  0.214  20190926155038 10.03  A
20191004054053  2019  10   4   5  40 53.25  737702.2367274   40.8684   28.2917 10.30  1.98  0.307  20191003154641 10.03  A
20191004054840  2019  10   4   5  48 39.90  737702.2421285   40.8705   28.3014  3.79  1.82  0.452  20190927061829 12.06  A
20191004060158  2019  10   4   6   1 58.08  737702.2513667   40.8830   28.2829 10.99  1.96  0.375  20191213050435 10.47  B
20191004060702  2019  10   4   6   7  1.76  737702.2548815   40.8737   28.3024  5.11  1.89  0.293  20190929235259 10.56  A
20191004062317  2019  10   4   6  23 16.51  737702.2661633   40.8589   28.2811  7.36  1.84  0.226  20190926212345 10.31  A
20191004062824  2019  10   4   6  28 24.02  737702.2697225   40.8894   28.2696 15.00  1.37  0.361  20191213050435 10.07  B
20191004064719  2019  10   4   6  47 18.52  737702.2828532   40.8680   28.2874 14.95  1.37  0.298  20190926131745 10.10  A
20191004065659  2019  10   4   6  56 59.17  737702.2895737   40.8638   28.2371 11.35  1.91  0.209  20191019042955 10.83  A
20191004073248  2019  10   4   7  32 47.76  737702.3144417   40.8620   28.2593  8.72  1.58  0.202  20191019042955 10.48  A
20191004075122  2019  10   4   7  51 21.87  737702.3273365   40.8580   28.2342  6.01  1.76  0.286  20190929235259 10.30  A
20191004075405  2019  10   4   7  54  4.87  737702.3292230   40.8591   28.2805  7.36  1.94  0.247  20190926212345 11.26  A
20191004083107  2019  10   4   8  31  6.89  737702.3549409   40.8688   28.2831 13.23  1.53  0.359  20191213050435 10.01  B
20191004083724  2019  10   4   8  37 23.73  737702.3593024   40.8752   28.3139  3.46  2.02  0.231  20190928084129 10.23  A
20191004085350  2019  10   4   8  53 50.01  737702.3707177   40.8831   28.2287  7.91  1.43  0.263  20190926113152 10.04  A
20191004085714  2019  10   4   8  57 14.25  737702.3730816   40.8752   28.3139  3.46  2.04  0.235  20190928084129 10.40  A
20191004090758  2019  10   4   9   7 58.43  737702.3805374   40.8588   28.2741 14.29  2.07  0.843  20190926162341 26.92  A
20191004102016  2019  10   4  10  20 16.25  737702.4307436   40.8752   28.3139  3.46  1.62  0.230  20190928084129 10.16  A
20191004102025  2019  10   4  10  20 24.89  737702.4308436   40.8684   28.2917 10.30  1.65  0.312  20191003154641 10.20  A
20191004102428  2019  10   4  10  24 28.02  737702.4336576   40.8736   28.2695  5.06  1.98  0.267  20190926182052 12.03  A
20191004102826  2019  10   4  10  28 26.24  737702.4364148   40.8621   28.2274 11.37  1.72  0.299  20190612113757 10.08  A
20191004105122  2019  10   4  10  51 22.10  737702.4523391   40.8826   28.2284  8.09  1.30  0.250  20190924112246 10.08  A
20191004105926  2019  10   4  10  59 25.91  737702.4579388   40.8848   28.2193  8.42  1.34  0.270  20190926125859 10.02  A
20191004110113  2019  10   4  11   1 12.55  737702.4591730   40.8765   28.2279  6.74  1.40  0.422  20190926195605 11.51  A
20191004114042  2019  10   4  11  40 41.56  737702.4865921   40.8757   28.2537  4.99  1.52  0.256  20190926152531 10.72  A
20191004114052  2019  10   4  11  40 51.57  737702.4867080   40.8652   28.2367 10.13  1.58  0.206  20191019042955 10.69  A
20191004115506  2019  10   4  11  55  6.08  737702.4965981   40.8809   28.2217  7.33  1.82  0.224  20190926190958 10.29  A
20191004120052  2019  10   4  12   0 51.87  737702.5006003   40.8722   28.2924  3.86  1.42  0.339  20190927103230 12.83  A
20191004121919  2019  10   4  12  19 18.89  737702.5134131   40.8382   28.1484  7.14  1.75  0.238  20190429041206 10.12  A
20191004122624  2019  10   4  12  26 23.72  737702.5183301   40.8700   28.2750  7.80  1.36  0.233  20190926134437 10.16  A
20191004122701  2019  10   4  12  27  1.40  737702.5187662   40.8678   28.2790  5.37  2.05  0.259  20190930063518 10.45  A
20191004122921  2019  10   4  12  29 20.84  737702.5203801   40.8610   28.2783  5.81  1.39  0.249  20190930063518 10.04  A
20191004124639  2019  10   4  12  46 39.32  737702.5323995   40.8447   28.3656  8.22  2.02  0.203  20200102111840 10.05  B
20191004124649  2019  10   4  12  46 49.31  737702.5325152   40.8659   28.2650 11.00  2.01  0.312  20191003154641 10.20  A
20191004124738  2019  10   4  12  47 38.26  737702.5330817   40.8662   28.2536  5.76  2.06  0.257  20191001043249 10.87  A
20191004125124  2019  10   4  12  51 23.62  737702.5356900   40.8657   28.3037  3.21  1.38  0.265  20190926111859 10.49  A
20191004125707  2019  10   4  12  57  6.85  737702.5396626   40.8737   28.3024  5.11  1.68  0.307  20190929235259 10.93  A
20191004125744  2019  10   4  12  57 44.02  737702.5400928   40.8638   28.2877 12.34  2.09  0.323  20190926162341 10.30  A
20191004131528  2019  10   4  13  15 28.15  737702.5524091   40.8627   28.2671  5.18  1.33  0.340  20190929141354 10.05  A
20191004133114  2019  10   4  13  31 13.77  737702.5633538   40.8744   28.2590  5.80  1.46  0.342  20190926125210 15.10  A
20191004134248  2019  10   4  13  42 47.59  737702.5713841   40.8672   28.2764 11.60  1.43  0.319  20190926131745 10.80  A
20191004152014  2019  10   4  15  20 13.74  737702.6390479   40.8817   28.2210  7.58  1.42  0.408  20190927033740 12.87  A
20191004155438  2019  10   4  15  54 38.10  737702.6629410   40.8612   28.2237  7.98  2.54  0.302  20190612113757 10.16  B
20191004155508  2019  10   4  15  55  8.20  737702.6632894   40.8747   28.2272  6.80  2.95  0.241  20190924085722 10.10  A
20191004174938  2019  10   4  17  49 38.23  737702.7428036   40.8756   28.2245  7.51  1.37  0.496  20190926160453 14.98  A
20191004205022  2019  10   4  20  50 21.90  737702.8683090   40.8684   28.2917 10.30  1.52  0.313  20191003154641 10.21  A
20191004220034  2019  10   4  22   0 33.61  737702.9170557   40.8814   28.2236  7.51  1.39  0.392  20190926133343 12.49  A
20191004222448  2019  10   4  22  24 47.94  737702.9338882   40.8822   28.2232  7.71  1.65  0.524  20190926133343 16.71  A
20191004233055  2019  10   4  23  30 54.83  737702.9798013   40.8734   28.2895  4.11  2.37  0.535  20190929235259 19.04  A
20191004234145  2019  10   4  23  41 44.94  737702.9873257   40.8782   28.1462  8.28  1.43  0.451  20191005061836 14.83  B
20191005005045  2019  10   5   0  50 45.07  737703.0352439   40.8832   28.1457  5.45  1.43  0.474  20191005061836 16.19  B
20191005030627  2019  10   5   3   6 26.89  737703.1294779   40.8710   28.3055  2.25  1.63  0.332  20190926170331 12.03  A
20191005034144  2019  10   5   3  41 44.00  737703.1539815   40.8579   28.2646  6.31  1.88  1.000  20191005034144 32.31  A
20191005042312  2019  10   5   4  23 12.00  737703.1827778   40.8810   28.2592  8.83  1.66  1.000  20191005042312 32.67  A
20191005050358  2019  10   5   5   3 57.60  737703.2110833   40.8669   28.2934  3.24  1.50  0.246  20190926151822 12.01  A
20191005060404  2019  10   5   6   4  4.11  737703.2528253   40.8723   28.3006  8.01  1.85  0.281  20190926152435 11.23  B
20191005061836  2019  10   5   6  18 35.55  737703.2629115   40.8778   28.2421  6.69  2.26  0.348  20190926115346 12.52  A
20191005061841  2019  10   5   6  18 40.63  737703.2629703   40.8719   28.2962  2.63  2.26  0.230  20190926115126 11.99  A
20191005061855  2019  10   5   6  18 54.60  737703.2631319   40.8582   28.2838  5.80  1.86  0.207  20190926212345 11.05  A
20191005065245  2019  10   5   6  52 45.36  737703.2866361   40.8739   28.2800  7.27  2.32  0.772  20190929191128 26.21  A
20191005065255  2019  10   5   6  52 55.34  737703.2867516   40.8687   28.3000  5.12  2.32  0.284  20190926152435 11.38  B
20191005065353  2019  10   5   6  53 53.00  737703.2874190   40.8646   28.3304  2.27  1.82  1.000  20191005065353 24.22  A
20191005070222  2019  10   5   7   2 21.79  737703.2933078   40.8720   28.2935  9.57  1.57  0.567  20191013071038 11.38  A
20191005070750  2019  10   5   7   7 50.09  737703.2971075   40.8844   28.2062  8.80  1.63  0.497  20190928005925 21.57  A
20191005085121  2019  10   5   8  51 20.95  737703.3689925   40.8631   28.3312  4.05  1.47  0.469  20191005065353 11.36  B
20191005095128  2019  10   5   9  51 27.94  737703.4107400   40.8865   28.2171  8.41  1.81  0.363  20190928055714 15.24  A
20191005102921  2019  10   5  10  29 21.46  737703.4370539   40.8883   28.2205  3.65  1.86  0.265  20190926182052 13.09  A
20191005103314  2019  10   5  10  33 14.01  737703.4397455   40.8726   28.3030  1.98  2.03  0.291  20190926115126 12.21  A
20191005103530  2019  10   5  10  35 29.86  737703.4413178   40.8807   28.2959  6.78  2.28  0.314  20190926152435 12.55  A
20191005103539  2019  10   5  10  35 38.75  737703.4414207   40.8613   28.2830 11.69  2.28  0.375  20190926204619 11.68  A
20191005103731  2019  10   5  10  37 30.94  737703.4427192   40.8607   28.2834 10.73  2.04  0.379  20190926204619 11.80  A
20191005103828  2019  10   5  10  38 28.03  737703.4433800   40.8723   28.3077  2.38  2.22  0.308  20190927041649 12.26  A
20191005103947  2019  10   5  10  39 46.71  737703.4442906   40.8733   28.2942  3.56  2.33  0.330  20190929235259 12.23  A
20191005103953  2019  10   5  10  39 53.39  737703.4443679   40.8650   28.2932  9.34  2.35  0.379  20191003154641 13.32  A
20191005104021  2019  10   5  10  40 21.36  737703.4446917   40.8660   28.2920  8.75  2.38  0.367  20190926204619 11.44  A
20191005104048  2019  10   5  10  40 47.94  737703.4449993   40.8723   28.3085  1.83  2.25  0.328  20190927041649 13.05  A
20191005104408  2019  10   5  10  44  8.30  737703.4473183   40.8628   28.2845  9.90  2.42  0.358  20190926204619 11.16  A
20191005105428  2019  10   5  10  54 28.06  737703.4544914   40.8593   28.2793 11.90  2.08  0.343  20191003154641 12.06  A
20191005122808  2019  10   5  12  28  8.09  737703.5195381   40.8617   28.2681 12.26  1.94  0.366  20190612113757 12.64  A
20191005125000  2019  10   5  12  50  0.08  737703.5347231   40.8627   28.2867 12.82  1.80  0.337  20191003154641 11.84  A
20191005141858  2019  10   5  14  18 57.68  737703.5965009   40.8778   28.2064  7.98  1.54  0.446  20190926152301 18.48  A
20191005142023  2019  10   5  14  20 22.76  737703.5974856   40.8800   28.2183  4.90  1.23  0.273  20191005142113 11.01  A
20191005142112  2019  10   5  14  21 12.42  737703.5980604   40.8849   28.2229  5.15  2.24  0.653  20190926180251 20.12  A
20191005142637  2019  10   5  14  26 37.20  737703.6018194   40.8785   28.2238  4.83  1.26  0.232  20190926115346 11.25  A
20191005143204  2019  10   5  14  32  3.90  737703.6056007   40.8850   28.2199  5.52  1.36  0.583  20191005142113 23.52  A
20191005143804  2019  10   5  14  38  3.72  737703.6097653   40.8861   28.2154  6.35  1.35  0.481  20190926180251 15.48  A
20191005144818  2019  10   5  14  48 17.84  737703.6168731   40.8906   28.2398  8.98  1.37  0.349  20190926180251 11.25  B
20191005145245  2019  10   5  14  52 44.62  737703.6199609   40.8740   28.2862  3.25  1.58  0.257  20190926150644 11.53  A
20191005151547  2019  10   5  15  15 46.97  737703.6359603   40.8652   28.2367 10.13  1.37  0.188  20191019042955 11.02  A
20191005155007  2019  10   5  15  50  6.80  737703.6598009   40.8648   28.2689 12.13  1.81  0.355  20190509183813 12.52  A
20191005175105  2019  10   5  17  51  4.91  737703.7438068   40.8587   28.2778 13.75  1.45  0.376  20190926162341 12.61  A
20191005184631  2019  10   5  18  46 30.57  737703.7822983   40.8635   28.2868 10.84  1.54  0.336  20190926162341 11.27  A
20191005200756  2019  10   5  20   7 55.98  737703.8388424   40.8654   28.2937  9.12  1.36  0.333  20191003154641 11.69  A
20191005203221  2019  10   5  20  32 20.64  737703.8557944   40.8587   28.2760  5.28  1.07  0.659  20190928071844 17.52  A
20191005210317  2019  10   5  21   3 16.84  737703.8772782   40.8880   28.3219  3.94  1.37  0.305  20190926163525 12.20  A
20191005213522  2019  10   5  21  35 21.76  737703.8995574   40.8628   28.2825  6.25  1.14  0.396  20191213050435 12.47  A
20191005221232  2019  10   5  22  12 32.19  737703.9253726   40.8758   28.2565  5.38  1.57  0.593  20190926125859 15.34  A
20191005224705  2019  10   5  22  47  5.41  737703.9493682   40.8814   28.2255  7.42  1.35  0.589  20190927230934 13.72  A
20191005225213  2019  10   5  22  52 12.71  737703.9529249   40.8637   28.2864  9.24  1.54  0.758  20190926205713 15.55  A
20191006024007  2019  10   6   2  40  6.94  737704.1111914   40.8768   28.2399  5.03  1.33  0.334  20190926090016 11.60  A
20191006041237  2019  10   6   4  12 36.78  737704.1754257   40.8800   28.2253  6.72  1.37  0.439  20190927030007 12.50  A
20191006041336  2019  10   6   4  13 36.32  737704.1761148   40.8862   28.2212  7.86  1.25  0.409  20190927030007 11.66  A
20191006074949  2019  10   6   7  49 48.54  737704.3262563   40.8717   28.2669  5.53  1.55  0.508  20191008083347 16.98  A
20191006084344  2019  10   6   8  43 44.02  737704.3637039   40.8844   28.2291  9.64  1.60  0.223  20190928142839 10.00  A
20191006102452  2019  10   6  10  24 52.12  737704.4339366   40.8756   28.2403  5.58  1.17  0.427  20190924095917 11.28  A
20191006104219  2019  10   6  10  42 19.18  737704.4460553   40.8754   28.2593  5.56  1.32  0.263  20190924130950 11.26  A
20191006130312  2019  10   6  13   3 11.74  737704.5438859   40.8706   28.3036  2.64  1.07  0.208  20190926214902 10.28  A
20191006133308  2019  10   6  13  33  8.12  737704.5646773   40.8415   28.1384  6.00  1.21  0.293  20190509183813 10.11  B
20191006135850  2019  10   6  13  58 49.99  737704.5825230   40.8688   28.2976  1.96  1.86  0.214  20190926151822 10.24  A
20191006142838  2019  10   6  14  28 38.05  737704.6032182   40.8756   28.3085  1.61  1.17  0.281  20190927224431 11.18  A
20191006143040  2019  10   6  14  30 40.45  737704.6046348   40.8688   28.2976  1.96  1.31  0.273  20190926151822 11.35  A
20191006151427  2019  10   6  15  14 26.87  737704.6350332   40.8583   28.2739  5.21  1.15  0.626  20190928071844 16.01  A
20191006154013  2019  10   6  15  40 13.42  737704.6529331   40.8853   28.2175  8.00  0.99  0.468  20190929171047 12.09  A
20191006162926  2019  10   6  16  29 26.01  737704.6871066   40.8765   28.3130  3.63  1.08  0.352  20190928084129 12.81  A
20191006201636  2019  10   6  20  16 35.89  737704.8448598   40.8703   28.2938  6.86  1.50  0.816  20191006220909 25.85  A
20191006203624  2019  10   6  20  36 24.02  737704.8586113   40.8774   28.3002  4.79  1.22  0.632  20190926234806 26.27  A
20191006205341  2019  10   6  20  53 41.04  737704.8706139   40.8737   28.3024  5.11  1.40  0.281  20190929235259 10.27  A
20191006205346  2019  10   6  20  53 46.40  737704.8706759   40.8714   28.3026  5.07  1.40  0.300  20190930223322 10.04  A
20191006215503  2019  10   6  21  55  3.00  737704.9132292   40.8707   28.2726  3.93  1.59  1.000  20191006215503 37.52  A
20191006215621  2019  10   6  21  56 21.00  737704.9141319   40.8714   28.2223 11.08  1.53  1.000  20191006215621 28.93  B
20191006220150  2019  10   6  22   1 49.73  737704.9179367   40.8447   28.3656  8.22  1.42  0.198  20200102111840 10.21  B
20191006220336  2019  10   6  22   3 36.42  737704.9191715   40.8657   28.3037  3.21  1.62  0.262  20190926111859 10.78  A
20191006220740  2019  10   6  22   7 39.61  737704.9219862   40.8848   28.2177  9.23  1.04  0.449  20191002110229 11.79  A
20191006220909  2019  10   6  22   9  9.00  737704.9230208   40.8679   28.2890  9.87  1.83  1.000  20191006220909 48.93  A
20191006220926  2019  10   6  22   9 26.23  737704.9232203   40.8661   28.3041  6.01  1.78  0.242  20190926164919 10.57  A
20191007013229  2019  10   7   1  32 29.36  737705.0642287   40.8582   28.2823 12.99  2.07  0.406  20190926162341 11.64  A
20191007015430  2019  10   7   1  54 30.07  737705.0795147   40.8616   28.2676  6.00  1.07  0.442  20190930022601 13.21  A
20191007020322  2019  10   7   2   3 22.39  737705.0856758   40.8836   28.2215  7.85  1.24  0.611  20190927091528 11.98  A
20191007030841  2019  10   7   3   8 40.79  737705.1310277   40.8804   28.2301  7.23  1.49  0.601  20190926125859 14.76  A
20191007031425  2019  10   7   3  14 24.85  737705.1350098   40.8730   28.2952  5.41  1.33  0.395  20191001015612 12.80  A
20191007042031  2019  10   7   4  20 31.00  737705.1809144   40.8794   28.2441  2.31  1.56  1.000  20191007042031 27.92  A
20191007042148  2019  10   7   4  21 47.64  737705.1818014   40.9017   28.1955 11.02  1.08  0.431  20191012123139 14.39  A
20191007050013  2019  10   7   5   0 13.00  737705.2084838   40.9035   28.3118  9.21  1.77  1.000  20191007050013 37.85  A
20191007061359  2019  10   7   6  13 59.07  737705.2597115   40.8822   28.2610  2.17  1.93  0.273  20190926182052 11.00  A
20191007064658  2019  10   7   6  46 58.00  737705.2826157   40.8894   28.3136  6.57  2.94  1.000  20191007064658 28.55  A
20191007065704  2019  10   7   6  57  3.64  737705.2896255   40.8909   28.2098  2.95  1.78  0.276  20190926182052 11.10  A
20191007083102  2019  10   7   8  31  2.19  737705.3548865   40.8705   28.2644  5.66  1.45  0.524  20190930092837 13.78  A
20191007140504  2019  10   7  14   5  4.07  737705.5868527   40.8642   28.2752 10.25  1.39  0.356  20190926121505 13.05  A
20191007151409  2019  10   7  15  14  8.77  737705.6348237   40.8557   28.2689  4.95  1.37  0.336  20190928041055 11.06  A
20191007161809  2019  10   7  16  18  9.18  737705.6792729   40.8751   28.3078  3.70  1.63  0.418  20190926163525 14.31  A
20191007162450  2019  10   7  16  24 50.00  737705.6839120   40.8703   28.2764  8.09  2.03  1.000  20191007162450 38.86  A
20191007172142  2019  10   7  17  21 41.81  737705.7234006   40.8640   28.2809  5.80  1.25  0.383  20191009012951 12.01  A
20191007173426  2019  10   7  17  34 26.21  737705.7322478   40.8765   28.3018  4.34  2.93  0.484  20190927005022 12.25  A
20191007192141  2019  10   7  19  21 41.00  737705.8067245   40.8676   28.3021  3.19  2.12  1.000  20191007192141 44.91  A
20191007220918  2019  10   7  22   9 18.00  737705.9231250   40.8683   28.2676  4.43  1.63  1.000  20191007220918 18.21  A
20191008005340  2019  10   8   0  53 40.00  737706.0372685   40.8653   28.3098  4.07  2.44  1.000  20191008005340 37.49  A
20191008005402  2019  10   8   0  54  1.56  737706.0375181   40.8742   28.2661  5.16  2.12  0.301  20190927033740 12.02  A
20191008005848  2019  10   8   0  58 48.13  737706.0408348   40.8792   28.3082  4.39  1.54  0.249  20190926163525 12.99  A
20191008010057  2019  10   8   1   0 56.50  737706.0423206   40.8734   28.2859  4.29  1.62  0.254  20191001153405 13.33  A
20191008010114  2019  10   8   1   1 13.77  737706.0425205   40.8802   28.3053  4.98  1.59  0.239  20190926115126 12.94  A
20191008020930  2019  10   8   2   9 30.35  737706.0899346   40.8733   28.2987  6.57  1.71  0.496  20190926163525 25.87  A
20191008043509  2019  10   8   4  35  9.27  737706.1910795   40.8754   28.2589  5.38  1.61  0.461  20190926200621 21.37  A
20191008052940  2019  10   8   5  29 39.66  737706.2289313   40.8909   28.2098  2.95  1.80  0.224  20190926182052 13.30  A
20191008061935  2019  10   8   6  19 34.52  737706.2635940   40.8684   28.2875  3.99  1.81  0.290  20190927082817 14.33  A
20191008064441  2019  10   8   6  44 41.04  737706.2810306   40.8697   28.2669  6.19  1.75  0.339  20190929113754 14.85  A
20191008081403  2019  10   8   8  14  2.90  737706.3430891   40.8770   28.2642  4.59  1.75  0.249  20190928184906 12.03  A
20191008081417  2019  10   8   8  14 16.60  737706.3432477   40.8746   28.2972  3.71  1.79  0.249  20190928084129 12.83  A
20191008081426  2019  10   8   8  14 26.19  737706.3433587   40.8720   28.2875  3.04  1.78  0.219  20190926151822 12.38  A
20191008081609  2019  10   8   8  16  8.98  737706.3445484   40.8791   28.2571  3.90  1.84  0.224  20190926182052 13.27  A
20191008081627  2019  10   8   8  16 27.33  737706.3447608   40.8881   28.2445  3.75  2.03  0.223  20190926182052 13.20  A
20191008082602  2019  10   8   8  26  2.14  737706.3514137   40.8767   28.2770  4.23  1.99  0.251  20190926141038 12.98  A
20191008082612  2019  10   8   8  26 12.17  737706.3515297   40.8769   28.2758  3.92  2.04  0.264  20191001153405 13.83  A
20191008082625  2019  10   8   8  26 24.61  737706.3516737   40.8815   28.2515  3.41  1.89  0.236  20190927224431 13.20  A
20191008083347  2019  10   8   8  33 47.00  737706.3567940   40.8777   28.2613  7.23  2.87  1.000  20191008083347 46.46  A
20191008083356  2019  10   8   8  33 55.91  737706.3568971   40.8755   28.2650  5.51  2.87  0.318  20190927033740 12.69  A
20191008083457  2019  10   8   8  34 57.11  737706.3576054   40.8730   28.3022  1.92  1.71  0.230  20190926115126 12.45  A
20191008083530  2019  10   8   8  35 29.77  737706.3579834   40.8798   28.2564  5.70  1.80  0.256  20190926125210 13.07  A
20191008093058  2019  10   8   9  30 58.48  737706.3965102   40.8713   28.2951  3.16  1.65  0.233  20190927041649 13.09  A
20191008093113  2019  10   8   9  31 12.65  737706.3966742   40.8733   28.3002  2.66  1.65  0.252  20191001153405 13.20  A
20191008101316  2019  10   8  10  13 15.53  737706.4258742   40.8709   28.2833  5.56  1.68  0.693  20191007162450 21.76  A
20191008111014  2019  10   8  11  10 13.93  737706.4654390   40.8730   28.3105  1.78  1.77  0.216  20190927041649 12.14  A
20191008114145  2019  10   8  11  41 45.09  737706.4873274   40.8719   28.2847  4.31  1.84  0.234  20190926115126 12.65  A
20191008114157  2019  10   8  11  41 56.86  737706.4874637   40.8735   28.2634  5.88  1.93  0.247  20190926141038 12.77  A
20191008114206  2019  10   8  11  42  6.26  737706.4875725   40.8740   28.2722  4.07  1.93  0.246  20190926214902 12.03  A
20191008114225  2019  10   8  11  42 25.46  737706.4877947   40.8743   28.2938  3.37  1.66  0.252  20190926115126 13.65  A
20191008135209  2019  10   8  13  52  9.33  737706.5778858   40.8741   28.2595  6.10  1.62  0.265  20190924102308 12.71  A
20191008140320  2019  10   8  14   3 20.23  737706.5856508   40.8775   28.2632  5.02  1.91  0.306  20190926112254 12.19  A
20191008142801  2019  10   8  14  28  1.33  737706.6027932   40.8759   28.2709  3.89  1.85  0.226  20190926140751 12.79  A
20191008143020  2019  10   8  14  30 19.74  737706.6043951   40.8794   28.2728  2.90  1.79  0.239  20190928084129 12.32  A
20191008145334  2019  10   8  14  53 33.66  737706.6205285   40.8766   28.2640  5.54  1.76  0.310  20190924073049 12.34  A
20191008150717  2019  10   8  15   7 16.52  737706.6300523   40.8729   28.2773  5.91  2.29  0.579  20190926182052 34.36  A
20191008150723  2019  10   8  15   7 23.30  737706.6301308   40.8742   28.2714  4.48  2.29  0.287  20190926190958 13.64  A
20191008182214  2019  10   8  18  22 13.71  737706.7654365   40.8717   28.2604  4.57  1.68  0.262  20191001043249 13.01  A
20191008182227  2019  10   8  18  22 27.08  737706.7655912   40.8814   28.2998  3.75  1.68  0.260  20190926163525 13.54  A
20191008182257  2019  10   8  18  22 56.73  737706.7659344   40.8729   28.2816  4.54  1.63  0.219  20190927041649 12.30  A
20191008212053  2019  10   8  21  20 52.55  737706.8894971   40.8806   28.2615  6.67  2.19  0.384  20190926113152 15.09  B
20191008214730  2019  10   8  21  47 29.71  737706.9079828   40.8826   28.2266  7.55  1.43  0.309  20190926120419 12.97  A
20191008223809  2019  10   8  22  38  8.80  737706.9431574   40.8751   28.2612  4.71  1.61  0.253  20191001153405 13.26  A
20191008234643  2019  10   8  23  46 43.45  737706.9907807   40.8740   28.2742  4.08  1.53  0.252  20190926152531 12.95  A
20191009012951  2019  10   9   1  29 51.43  737707.0624008   40.8683   28.2740  6.34  2.13  0.566  20190928005322 15.01  A
20191009014722  2019  10   9   1  47 22.25  737707.0745631   40.8685   28.2991  3.77  1.37  0.394  20190926162616 11.92  A
20191009020603  2019  10   9   2   6  2.71  737707.0875314   40.8705   28.3205  3.62  1.54  0.336  20190926170331 10.31  A
20191009035442  2019  10   9   3  54 42.33  737707.1629899   40.8693   28.2677  5.50  1.33  0.410  20191006215503 10.31  A
20191009050314  2019  10   9   5   3 14.43  737707.2105837   40.8792   28.2611  2.37  1.71  0.293  20190926150644 10.13  A
20191009051041  2019  10   9   5  10 40.83  737707.2157503   40.8676   28.3021  3.19  1.30  0.389  20191007192141 12.27  A
20191009062739  2019  10   9   6  27 39.00  737707.2692014   40.8499   28.2297 14.78  2.91  1.000  20191009062739 24.82  A
20191009065801  2019  10   9   6  58  1.45  737707.2902946   40.8688   28.2976  1.96  1.66  0.265  20190926151822 10.37  A
20191009065817  2019  10   9   6  58 16.53  737707.2904691   40.8756   28.3085  1.61  1.64  0.284  20190927224431 10.64  A
20191009082252  2019  10   9   8  22 52.22  737707.3492155   40.8783   28.2435  5.67  2.20  0.437  20190926113152 11.56  A
20191009082258  2019  10   9   8  22 58.24  737707.3492852   40.8688   28.2976  1.96  2.20  0.258  20190926151822 10.07  A
20191009090132  2019  10   9   9   1 32.45  737707.3760700   40.8779   28.2693  4.72  1.76  0.340  20190928142839 10.10  A
20191009110930  2019  10   9  11   9 30.28  737707.4649338   40.8690   28.3067  3.67  1.48  0.368  20190926220439 10.57  A
20191009120705  2019  10   9  12   7  5.44  737707.5049241   40.8689   28.3001  4.42  1.74  0.281  20190927041649 10.06  A
20191009120716  2019  10   9  12   7 16.28  737707.5050495   40.8688   28.3005  2.08  1.71  0.281  20190926151822 11.01  A
20191009130727  2019  10   9  13   7 26.82  737707.5468382   40.8814   28.2223  7.49  1.46  0.422  20190925153609 12.28  A
20191009130801  2019  10   9  13   8  0.91  737707.5472328   40.8909   28.2098  2.95  1.46  0.253  20190926182052 10.14  A
20191009134227  2019  10   9  13  42 26.55  737707.5711406   40.8823   28.2271  7.99  1.31  0.387  20190926113152 10.23  A
20191009135007  2019  10   9  13  50  7.37  737707.5764742   40.8688   28.2976  1.96  1.29  0.268  20190926151822 10.47  A
20191009141431  2019  10   9  14  14 31.49  737707.5934200   40.8642   28.2886  7.43  1.35  0.289  20190927103230 10.02  A
20191009141533  2019  10   9  14  15 32.70  737707.5941285   40.8756   28.3085  1.61  1.43  0.272  20190927224431 10.16  A
20191009143122  2019  10   9  14  31 21.89  737707.6051145   40.8750   28.2579  6.45  1.97  0.669  20190930152451 20.66  A
20191009143931  2019  10   9  14  39 31.00  737707.6107755   40.8756   28.3085  1.61  1.51  0.275  20190927224431 10.30  A
20191009144014  2019  10   9  14  40 13.74  737707.6112701   40.8763   28.2618  4.57  2.03  0.309  20190927103230 10.70  A
20191009151832  2019  10   9  15  18 31.75  737707.6378675   40.8736   28.2561  7.05  1.55  0.289  20190926125210 10.03  A
20191009152928  2019  10   9  15  29 27.83  737707.6454610   40.8711   28.2999  1.49  1.39  0.325  20190926115126 11.52  A
20191009182428  2019  10   9  18  24 28.28  737707.7669940   40.8737   28.3024  5.11  1.14  0.286  20190929235259 10.16  A
20191009200926  2019  10   9  20   9 25.90  737707.8398831   40.8730   28.2734  5.44  1.11  0.471  20190926134437 14.00  A
20191009212446  2019  10   9  21  24 46.00  737707.8921991   40.8674   28.2821  7.77  1.61  1.000  20191009212446 21.95  A
20191010001539  2019  10  10   0  15 39.46  737708.0108734   40.8821   28.2271  6.91  1.09  0.480  20190926203053 12.10  A
20191010115935  2019  10  10  11  59 34.93  737708.4997098   40.8796   28.2234  7.45  1.75  0.647  20190927230934 14.41  A
20191010174850  2019  10  10  17  48 50.00  737708.7422454   40.8654   28.2791 16.43  1.86  1.000  20191010174850 24.45  A
20191010183501  2019  10  10  18  35  0.57  737708.7743122   40.8718   28.2954  6.04  1.74  0.495  20190926162616 13.84  A
20191010194143  2019  10  10  19  41 42.53  737708.8206311   40.8833   28.2233  8.23  1.24  0.596  20190926112254 14.97  A
20191011025456  2019  10  11   2  54 56.00  737709.1214815   40.8707   28.1617 10.88  1.80  1.000  20191011025456 28.28  B
20191011025535  2019  10  11   2  55 35.00  737709.1219329   40.8799   28.2259  4.63  1.73  1.000  20191011025535 29.57  A
20191011025738  2019  10  11   2  57 38.41  737709.1233612   40.8650   28.2754  5.63  1.00  0.429  20190929024651 10.97  A
20191011030518  2019  10  11   3   5 17.82  737709.1286785   40.8819   28.2257  7.73  1.26  0.795  20190927091528 15.50  A
20191011060109  2019  10  11   6   1  8.58  737709.2507938   40.8603   28.2699  5.60  1.23  0.530  20190930022601 15.04  A
20191011132343  2019  10  11  13  23 42.99  737709.5581365   40.8645   28.2915  9.15  1.46  0.567  20191003154641 14.91  A
20191011141022  2019  10  11  14  10 22.25  737709.5905353   40.8737   28.3024  5.11  1.71  0.302  20190929235259 10.60  A
20191011195241  2019  10  11  19  52 40.72  737709.8282491   40.8739   28.3072  9.16  1.27  0.553  20191005065248 17.24  A
20191011213621  2019  10  11  21  36 21.33  737709.9002469   40.8806   28.3172  8.24  1.27  0.511  20191005065248 15.93  A
20191012123139  2019  10  12  12  31 39.00  737710.5219792   40.9017   28.1955 11.02  1.89  1.000  20191012123139 33.12  A
20191012180950  2019  10  12  18   9 50.49  737710.7568344   40.8834   28.2208  6.74  1.32  0.554  20190924150510 22.89  A
20191012181619  2019  10  12  18  16 19.00  737710.7613310   40.8514   28.2522 13.59  1.81  1.000  20191012181619 37.16  A
20191012212235  2019  10  12  21  22 34.76  737710.8906801   40.8816   28.2418  5.51  1.29  0.491  20190926210055 12.72  A
20191013042824  2019  10  13   4  28 23.95  737711.1863883   40.8655   28.2569  5.69  1.07  0.387  20190929075821 13.93  A
20191013071038  2019  10  13   7  10 38.00  737711.2990509   40.8775   28.2748  7.13  1.71  1.000  20191013071038 17.64  A
20191013091351  2019  10  13   9  13 51.11  737711.3846193   40.8880   28.2963  6.80  1.34  0.642  20191013071038 11.33  A
20191013122016  2019  10  13  12  20 15.85  737711.5140723   40.8707   28.2705  4.73  1.41  0.604  20190929023956 23.81  A
20191013220120  2019  10  13  22   1 19.65  737711.9175885   40.9017   28.1955 11.02  1.26  0.670  20191012123139 21.95  A
20191014043812  2019  10  14   4  38 11.69  737712.1931909   40.8646   28.2646  6.49  1.80  0.504  20190930001527 10.91  A
20191014051524  2019  10  14   5  15 24.19  737712.2190300   40.8756   28.3085  1.61  1.31  0.238  20190927224431 10.08  A
20191014055046  2019  10  14   5  50 46.14  737712.2435896   40.8737   28.3024  5.11  1.85  0.314  20190929235259 10.65  A
20191014084143  2019  10  14   8  41 43.00  737712.3623032   40.8604   28.2782  4.79  2.66  1.000  20191014084143 38.89  A
20191014084444  2019  10  14   8  44 44.00  737712.3643981   40.8620   28.2702 14.47  1.95  1.000  20191014084444 40.40  A
20191014093901  2019  10  14   9  39  1.36  737712.4020991   40.8738   28.2469  7.88  1.82  0.658  20191020205158 23.20  A
20191014145421  2019  10  14  14  54 20.64  737712.6210722   40.8652   28.2367 10.13  1.88  0.257  20191019042955 10.94  A
20191014183627  2019  10  14  18  36 26.68  737712.7753088   40.8655   28.2919  6.43  1.03  0.246  20191007192141 10.54  A
20191014214447  2019  10  14  21  44 46.66  737712.9060956   40.8620   28.2702 14.47  0.95  0.252  20191014084444 10.18  A
20191014233022  2019  10  14  23  30 21.64  737712.9794171   40.8716   28.2979  2.89  1.15  0.305  20190926150644 11.00  A
20191015122344  2019  10  15  12  23 44.00  737713.5164815   40.8622   28.2762 11.43  2.31  1.000  20191015122344 40.21  A
20191015154551  2019  10  15  15  45 50.96  737713.6568398   40.8627   28.2866  9.10  1.38  0.659  20190927173842 14.09  A
20191015165539  2019  10  15  16  55 39.05  737713.7053131   40.8737   28.3024  5.11  1.20  0.413  20190929235259 12.47  A
20191015171850  2019  10  15  17  18 49.79  737713.7214096   40.8811   28.2627  6.68  1.08  0.345  20191005042312 10.66  A
20191015172654  2019  10  15  17  26 53.90  737713.7270127   40.8733   28.2927  6.38  1.45  0.831  20190930042414 29.32  A
20191015190830  2019  10  15  19   8 30.00  737713.7975694   40.8752   28.2572  3.67  1.63  0.515  20190926151310 14.45  A
20191015202523  2019  10  15  20  25 23.00  737713.8509606   40.8628   28.2825  6.25  2.23  1.000  20191015202523 32.99  A
20191016052452  2019  10  16   5  24 52.36  737714.2256060   40.8589   28.2811  7.36  1.77  0.291  20190926212345 11.67  A
20191016062025  2019  10  16   6  20 25.37  737714.2641825   40.8629   28.2697 12.12  1.95  0.368  20190612113757 11.42  A
20191016090721  2019  10  16   9   7 21.31  737714.3801078   40.8647   28.2674  7.12  1.36  0.370  20190612113757 11.47  A
20191016174424  2019  10  16  17  44 23.81  737714.7391645   40.8620   28.2845 10.13  1.09  0.647  20190926161229 14.35  A
20191016220632  2019  10  16  22   6 32.48  737714.9212093   40.8912   28.2066  8.14  1.30  0.809  20191116220329 21.10  A
20191017020745  2019  10  17   2   7 44.54  737715.0887100   40.8690   28.2898  6.20  0.91  0.559  20190929172724 12.70  A
20191017090902  2019  10  17   9   9  1.54  737715.3812678   40.8737   28.3024  5.11  1.78  0.324  20190929235259 10.34  A
20191017135338  2019  10  17  13  53 38.00  737715.5789120   40.8606   28.2745  4.51  1.32  0.478  20190928071844 11.38  A
20191017181637  2019  10  17  18  16 36.64  737715.7615352   40.8415   28.1384  6.00  1.54  0.368  20190509183813 10.17  B
20191017193030  2019  10  17  19  30 30.30  737715.8128507   40.8736   28.3059  5.89  1.42  0.533  20191003154641 11.91  A
20191017205726  2019  10  17  20  57 26.35  737715.8732216   40.8737   28.3024  5.11  1.34  0.327  20190929235259 10.41  A
20191017210302  2019  10  17  21   3  1.57  737715.8771015   40.8640   28.2897  9.95  1.09  0.659  20191003154641 14.73  A
20191017221136  2019  10  17  22  11 36.00  737715.9247222   40.8880   28.3037  9.11  1.51  1.000  20191017221136 29.42  A
20191017235307  2019  10  17  23  53  7.00  737715.9952199   40.8573   28.2553 13.22  1.42  1.000  20191017235307 37.24  A
20191018013512  2019  10  18   1  35 12.34  737716.0661150   40.8809   28.2217  7.33  0.88  0.326  20190926190958 11.44  A
20191018020231  2019  10  18   2   2 31.00  737716.0850810   40.8962   28.2950 11.01  1.62  1.000  20191018020231 29.17  B
20191018045124  2019  10  18   4  51 23.70  737716.2023576   40.8688   28.2962  5.29  2.03  0.429  20191213050435 11.07  A
20191018061817  2019  10  18   6  18 17.01  737716.2626969   40.8883   28.2183  7.17  1.39  0.643  20190929171047 12.02  A
20191018110955  2019  10  18  11   9 54.99  737716.4652198   40.8624   28.2927  4.93  1.38  0.446  20190930042414 15.12  A
20191018123506  2019  10  18  12  35  5.51  737716.5243693   40.8635   28.2890 10.12  1.52  0.761  20190926162341 16.21  A
20191018163452  2019  10  18  16  34 51.57  737716.6908747   40.8681   28.2768 11.49  1.39  0.354  20190612113757 10.16  A
20191018185337  2019  10  18  18  53 37.00  737716.7872338   40.8845   28.2244  9.49  1.93  1.000  20191018185337 33.55  A
20191018185515  2019  10  18  18  55 14.52  737716.7883625   40.8824   28.2248  6.72  1.32  0.509  20190927030007 12.55  A
20191018191652  2019  10  18  19  16 51.57  737716.8033747   40.8761   28.2205  7.83  1.11  0.515  20190927104504 10.99  A
20191018234928  2019  10  18  23  49 27.50  737716.9926794   40.8845   28.2209  6.90  1.12  0.668  20190926203053 14.14  A
20191019011137  2019  10  19   1  11 36.90  737717.0497326   40.8889   28.2120  7.52  1.31  0.565  20190930035815 10.58  A
20191019012850  2019  10  19   1  28 49.95  737717.0616892   40.8729   28.2390  9.10  1.05  0.712  20190927091528 11.72  A
20191019033653  2019  10  19   3  36 52.67  737717.1506096   40.8809   28.2293  7.37  0.95  0.548  20190929034155 10.50  A
20191019042955  2019  10  19   4  29 55.00  737717.1874421   40.8652   28.2367 10.13  2.16  1.000  20191019042955 37.96  A
20191019043023  2019  10  19   4  30 23.00  737717.1877662   40.8618   28.2377 13.08  2.65  1.000  20191019043023 34.42  A
20191019073405  2019  10  19   7  34  5.36  737717.3153398   40.8636   28.2372 11.53  2.74  0.774  20191019042955 29.37  A
20191019073412  2019  10  19   7  34 12.34  737717.3154206   40.8716   28.3157  1.94  2.74  0.315  20190928051848 10.08  A
20191019100951  2019  10  19  10   9 51.46  737717.4235123   40.8760   28.3057  2.64  1.33  0.530  20190926153115 10.01  A
20191019104937  2019  10  19  10  49 36.52  737717.4511171   40.8658   28.2911  8.87  2.02  0.738  20190927173842 15.33  A
20191019152810  2019  10  19  15  28 10.23  737717.6445628   40.8518   28.2599 11.82  1.91  0.397  20190612113757 11.28  A
20191019201835  2019  10  19  20  18 34.90  737717.8462373   40.8894   28.2696 15.00  1.04  0.628  20191213050435 15.93  B
20191020000425  2019  10  20   0   4 25.00  737718.0030671   40.8666   28.2408 10.51  1.57  1.000  20191020000425 26.01  A
20191020061454  2019  10  20   6  14 54.24  737718.2603500   40.8656   28.2783  6.55  1.39  0.481  20190929024651 11.56  A
20191020071550  2019  10  20   7  15 49.68  737718.3026583   40.8854   28.2230  6.20  1.58  0.544  20190928055714 17.68  A
20191020205158  2019  10  20  20  51 58.00  737718.8694213   40.8809   28.2341  7.93  2.77  1.000  20191020205158 33.62  A
20191020210046  2019  10  20  21   0 46.00  737718.8755324   40.8804   28.2407  5.67  2.50  1.000  20191020210046 43.91  A
20191021015531  2019  10  21   1  55 31.00  737719.0802199   40.8604   28.2860  6.30  1.48  1.000  20191021015531 28.53  A
20191021023307  2019  10  21   2  33  7.14  737719.1063326   40.8843   28.2214  6.19  0.91  0.563  20190926224043 10.39  A
20191021033020  2019  10  21   3  30 19.69  737719.1460612   40.8641   28.2554  9.27  1.94  0.686  20190126071957 15.47  A
20191021085438  2019  10  21   8  54 37.90  737719.3712720   40.8648   28.2920  7.69  1.21  0.293  20191006220909 12.61  A
20191021120031  2019  10  21  12   0 30.66  737719.5003549   40.8843   28.2140  8.98  1.41  0.492  20190929171047 10.57  A
20191021121646  2019  10  21  12  16 45.83  737719.5116416   40.8415   28.1384  6.00  1.91  0.352  20190509183813 10.37  B
20191021134734  2019  10  21  13  47 34.30  737719.5747025   40.8643   28.2716 11.96  2.01  0.383  20190612113757 11.99  A
20191021140358  2019  10  21  14   3 58.37  737719.5860922   40.8869   28.2273  5.47  1.41  0.398  20190929124934 11.51  A
20191022024255  2019  10  22   2  42 54.71  737720.1131332   40.8890   28.3159  5.83  1.00  0.364  20191007064658 14.44  A
20191022182546  2019  10  22  18  25 46.37  737720.7678978   40.8662   28.2649  6.62  1.65  0.541  20190928013215 15.33  A
20191022210537  2019  10  22  21   5 36.77  737720.8788978   40.8730   28.2753  2.45  1.21  0.383  20190929023956 15.08  A
20191023083033  2019  10  23   8  30 33.35  737721.3545527   40.8415   28.1384  6.00  1.82  0.346  20190509183813 10.80  B
20191023191346  2019  10  23  19  13 45.99  737721.8012267   40.8741   28.2770  5.92  1.50  0.323  20190930223322 10.18  A
20191024093916  2019  10  24   9  39 15.64  737722.4022644   40.8589   28.2811  7.36  1.97  0.239  20190926212345 10.51  A
20191024134957  2019  10  24  13  49 57.09  737722.5763552   40.8624   28.2893  3.28  1.51  0.267  20190926155219 10.22  A
20191024155023  2019  10  24  15  50 23.35  737722.6599925   40.8851   28.2218  7.43  1.25  0.374  20190929124934 11.31  A
20191024204255  2019  10  24  20  42 54.55  737722.8631314   40.8743   28.2976  3.79  1.23  0.579  20190926153115 13.18  A
20191025014040  2019  10  25   1  40 39.76  737723.0699046   40.8834   28.2217  8.04  1.13  0.420  20190926113546 13.22  A
20191025025838  2019  10  25   2  58 37.53  737723.1240455   40.8848   28.2193  8.05  1.21  0.537  20190927023743 11.90  A
20191025125623  2019  10  25  12  56 23.00  737723.5391551   40.8573   28.2873  3.73  2.07  1.000  20191025125623 36.55  A
20191025125827  2019  10  25  12  58 27.09  737723.5405913   40.8573   28.2603 11.74  1.38  0.365  20191017235307 14.73  A
20191025193942  2019  10  25  19  39 41.94  737723.8192354   40.8601   28.2388 15.53  1.45  0.569  20190126071957 12.77  B
20191025210640  2019  10  25  21   6 40.00  737723.8796296   40.8632   28.2900  8.98  1.40  0.697  20190926205713 12.87  A
20191026211837  2019  10  26  21  18 36.88  737724.8879269   40.8761   28.2557  4.52  1.19  0.488  20190927030211 16.30  A
20191027044242  2019  10  27   4  42 42.00  737725.1963194   40.8754   28.2510  5.13  1.89  1.000  20191027044242 37.43  A
20191027081853  2019  10  27   8  18 53.00  737725.3464468   40.8853   28.2223  6.74  2.79  1.000  20191027081853 34.38  A
20191027084247  2019  10  27   8  42 47.42  737725.3630488   40.8836   28.2216  5.84  1.68  0.711  20191027090851 23.20  A
20191027090851  2019  10  27   9   8 51.00  737725.3811458   40.8823   28.2127  6.71  2.04  1.000  20191027090851 32.64  A
20191027101846  2019  10  27  10  18 46.00  737725.4296991   40.8839   28.2242  4.36  3.07  1.000  20191027101846 35.31  A
20191027121511  2019  10  27  12  15 11.48  737725.5105495   40.8828   28.2233  6.14  1.50  0.590  20190925225106 12.99  A
20191027121855  2019  10  27  12  18 54.71  737725.5131332   40.8520   28.2590 11.81  1.95  0.346  20190612113757 11.41  A
20191027210917  2019  10  27  21   9 17.00  737725.8814468   40.8837   28.2208  3.88  1.62  1.000  20191027210917 26.22  A
20191028004944  2019  10  28   0  49 44.00  737726.0345370   40.8876   28.2202  8.18  1.96  1.000  20191028004944 26.14  A
20191028040430  2019  10  28   4   4 29.51  737726.1697860   40.8856   28.2251  7.21  0.98  0.387  20191028092532 10.56  A
20191028071017  2019  10  28   7  10 16.90  737726.2988067   40.8679   28.2934  8.20  1.58  0.501  20190929064010 15.64  A
20191028092532  2019  10  28   9  25 32.00  737726.3927315   40.8856   28.2251  7.21  2.31  1.000  20191028092532 27.28  A
20191028100504  2019  10  28  10   5  4.26  737726.4201882   40.8853   28.2183  7.83  1.48  0.580  20191028110911 13.24  A
20191028101719  2019  10  28  10  17 18.90  737726.4286910   40.8849   28.2214  6.21  1.84  0.844  20191028092532 23.03  A
20191028101857  2019  10  28  10  18 56.50  737726.4298206   40.8861   28.2237  6.91  1.31  0.513  20191028092532 13.99  A
20191028110911  2019  10  28  11   9 11.00  737726.4647106   40.8867   28.2217  6.52  1.79  1.000  20191028110911 22.81  A
20191028205937  2019  10  28  20  59 36.77  737726.8747311   40.8856   28.2227  7.03  1.10  0.551  20191028110911 12.56  A
20191028222832  2019  10  28  22  28 32.41  737726.9364862   40.8754   28.2930  4.42  1.38  0.413  20190929235259 12.44  A
20191029061510  2019  10  29   6  15  9.98  737727.2605322   40.8485   28.2502 13.85  1.76  0.332  20190612113757  9.75  A
20191029110527  2019  10  29  11   5 26.75  737727.4621152   40.8706   28.3086  0.99  1.56  0.423  20190926204619  9.76  A
20191029210638  2019  10  29  21   6 38.29  737727.8796098   40.8788   28.2448  5.40  1.24  0.490  20190925102453 10.49  A
20191029223429  2019  10  29  22  34 29.43  737727.9406184   40.8810   28.2212  7.20  1.16  0.412  20190926203053 11.10  A
20191029230451  2019  10  29  23   4 50.80  737727.9616991   40.8832   28.2221  7.63  0.85  0.360  20190926203053  9.72  A
20191030045930  2019  10  30   4  59 29.61  737728.2079816   40.8794   28.2344  6.94  1.74  0.803  20190928010822 31.08  A
20191030094958  2019  10  30   9  49 57.67  737728.4096953   40.8495   28.2103 10.59  1.93  0.361  20190509183813 11.11  B
20191031014854  2019  10  31   1  48 54.00  737729.0756250   40.8857   28.2157  6.49  1.86  1.000  20191031014854 29.03  A
20191102110742  2019  11   2  11   7 42.39  737731.4636851   40.8671   28.2650  5.26  1.86  0.259  20191001043249 11.18  A
20191102113201  2019  11   2  11  32  0.95  737731.4805666   40.8415   28.1384  6.00  1.90  0.325  20190509183813 11.08  B
20191102114840  2019  11   2  11  48 39.92  737731.4921287   40.8818   28.2422  8.51  1.33  0.230  20190926200621 11.01  A
20191102125431  2019  11   2  12  54 30.51  737731.5378531   40.8574   28.2821 15.17  1.62  0.365  20190926162341 11.15  A
20191102142421  2019  11   2  14  24 20.85  737731.6002413   40.8654   28.2916  9.64  1.53  0.372  20190926162341 11.35  A
20191102142717  2019  11   2  14  27 17.47  737731.6022855   40.8659   28.2926  9.38  1.99  0.393  20191003154641 12.26  A
20191102165943  2019  11   2  16  59 43.26  737731.7081396   40.8694   28.2688  7.14  1.55  0.628  20191006215621 18.54  A
20191102183200  2019  11   2  18  32  0.10  737731.7722234   40.8653   28.2925  9.92  1.69  0.366  20190926162341 11.18  A
20191102183550  2019  11   2  18  35 50.00  737731.7748843   40.8930   28.2615  4.52  1.68  1.000  20191102183550 20.37  B
20191102221624  2019  11   2  22  16 24.26  737731.9280586   40.8781   28.2484  9.19  1.56  0.612  20190929034155 16.66  A
20191103090301  2019  11   3   9   3  1.31  737732.3770985   40.8840   28.2186  7.91  1.51  0.529  20191124005440 15.57  A
20191103104450  2019  11   3  10  44 50.06  737732.4478016   40.8919   28.2243  8.52  1.37  0.329  20190928055714 13.15  A
20191104032513  2019  11   4   3  25 12.65  737733.1425075   40.8633   28.2885 12.12  1.71  0.360  20190926162341 12.29  A
20191104110555  2019  11   4  11   5 55.31  737733.4624457   40.8650   28.2918  9.01  1.61  0.380  20191003154641 13.07  A
20191104223957  2019  11   4  22  39 57.00  737733.9444097   40.8857   28.1961 13.30  2.16  1.000  20191104223957 26.93  A
20191105134420  2019  11   5  13  44 19.73  737734.5724506   40.8624   28.2865 12.96  1.44  0.370  20190926162341 11.13  A
20191105141311  2019  11   5  14  13 10.86  737734.5924868   40.8641   28.2754  9.88  1.78  0.751  20190927191017 17.88  A
20191105144510  2019  11   5  14  45 10.14  737734.6147007   40.8508   28.2470 11.92  2.05  0.328  20190612113757 11.33  A
20191105185234  2019  11   5  18  52 33.99  737734.7865045   40.8737   28.3024  5.11  1.55  0.304  20190929235259 11.31  A
20191109214019  2019  11   9  21  40 18.89  737738.9029964   40.8846   28.2170  8.23  1.32  0.654  20191124005440 16.64  A
20191110015722  2019  11  10   1  57 22.12  737739.0815060   40.8691   28.2705  5.97  1.49  0.539  20190930092837 16.72  A
20191110035622  2019  11  10   3  56 22.04  737739.1641440   40.8664   28.2879  6.20  1.20  0.756  20190929235259 24.76  A
20191110211945  2019  11  10  21  19 44.60  737739.8887106   40.8888   28.3174  5.36  1.01  0.358  20191007064658 12.49  A
20191112155355  2019  11  12  15  53 54.55  737741.6624369   40.8628   28.2816 10.29  1.42  0.533  20190927191017 12.38  A
20191112191835  2019  11  12  19  18 34.93  737741.8045709   40.8648   28.2885  7.51  1.06  0.325  20191015122344 13.36  A
20191113012057  2019  11  13   1  20 57.36  737742.0562194   40.8574   28.2821 15.17  0.99  0.528  20190926162341 14.07  A
20191113042624  2019  11  13   4  26 23.94  737742.1849993   40.8728   28.3042  3.90  1.39  0.326  20190929235259 11.59  A
20191113192436  2019  11  13  19  24 36.00  737742.8087500   40.8880   28.2197  6.78  2.04  1.000  20191113192436 36.80  A
20191113201042  2019  11  13  20  10 42.35  737742.8407679   40.8737   28.3024  5.11  1.20  0.333  20190929235259 11.27  A
20191116220329  2019  11  16  22   3 29.00  737745.9190856   40.8971   28.1944  5.91  1.75  1.000  20191116220329 25.97  A
20191118092921  2019  11  18   9  29 20.91  737747.3953809   40.8882   28.1940  6.99  1.35  0.400  20191116220329 10.50  A
20191118132511  2019  11  18  13  25 10.93  737747.5591543   40.8540   28.2576 13.19  1.97  0.339  20190612113757 11.23  A
20191118225924  2019  11  18  22  59 23.86  737747.9579150   40.8883   28.2092  8.12  2.09  0.921  20191116220329 24.17  A
